year_start,fiscal_year,chapter,fce,admissions,male,female,gender_unknown,emergency,waiting_list,planned,other_admission,age_0_14,age_15_59,age_60_74,age_75_plus,day_case,bed_days,mean_age,mean_los
1998,1998-99,Infectious and parasitic,141687.0,128189.0,73012.0,,,104509.0,17148.0,,,66278.0,46693.0,12891.0,15030.0,14238.0,564796.6587123288,26.072420193807478,5.683177002830181
1998,1998-99,Neoplasms,1278820.0,1208665.0,617660.0,,,156743.0,664889.0,,,45940.0,519110.0,450575.0,263000.0,703713.0,4149731.7112876717,58.4014161492626,8.128999937442329
1998,1998-99,Blood and immune,153055.0,136218.0,70199.0,,,45268.0,62253.0,,,20125.0,55168.0,34986.0,42713.0,70778.0,417724.26738356164,51.76043905785502,6.514402012348501
1998,1998-99,Endocrine and metabolic,143072.0,126236.0,68336.0,,,53947.0,57350.0,,,15209.0,65135.0,36909.0,25771.0,48609.0,681496.9631369864,50.15029495638559,9.214587760008946
1998,1998-99,Mental health,243039.0,221462.0,123232.0,,,141825.0,29542.0,,,14089.0,153894.0,30012.0,44022.0,6407.0,7029445.046260273,46.48107505379795,69.80556289319821
1998,1998-99,Nervous system,228387.0,202251.0,105568.0,,,88208.0,91100.0,,,20462.0,109867.0,48030.0,49922.0,53252.0,1760523.3375753427,51.44132546948819,14.554683059893952
1998,1998-99,Eye,354010.0,352283.0,142539.0,,,21810.0,324772.0,,,18636.0,66146.0,103977.0,165023.0,244260.0,196176.7324931507,66.7164684613429,1.7928609361317476
1998,1998-99,Ear,104045.0,103008.0,55858.0,,,13060.0,88426.0,,,63017.0,29975.0,7560.0,3490.0,58322.0,76319.27626027398,22.0,1.7
1998,1998-99,Circulatory,1056617.0,853905.0,580629.0,,,512173.0,281713.0,,,6948.0,300292.0,383066.0,366105.0,135750.0,7128655.668410959,65.84632463797195,10.058156834501053
1998,1998-99,Respiratory,756312.0,649087.0,392748.0,,,459088.0,166950.0,,,206226.0,213341.0,149213.0,187413.0,35892.0,3775301.3911780817,43.42236272860936,6.692903061170523
1998,1998-99,Digestive,1264987.0,1132352.0,633167.0,,,335498.0,735368.0,,,116962.0,620742.0,297155.0,229917.0,582899.0,3129755.0851917807,49.796672218765885,5.616003405568595
1998,1998-99,Skin,252218.0,237844.0,125782.0,,,84099.0,143353.0,,,24095.0,141678.0,45819.0,40569.0,119162.0,888332.6950684933,46.242373660880666,7.8793852936745195
1998,1998-99,Musculoskeletal,636295.0,612541.0,281151.0,,,117839.0,454522.0,,,25436.0,344412.0,161179.0,105120.0,249383.0,2454390.76390411,52.57685193188694,6.901083459716013
1998,1998-99,Genitourinary,791000.0,751225.0,286270.0,,,171121.0,524872.0,,,47134.0,479631.0,152303.0,111032.0,334373.0,2013155.2834794521,48.0442793931732,4.780312768647282
1998,1998-99,Pregnancy and childbirth,1182057.0,1165250.0,54.0,,,140794.0,112098.0,,,1350.0,1159737.0,12.0,7517.0,107906.0,2168193.3516027397,28.462076701884936,2.045974432705022
1998,1998-99,Perinatal,189561.0,166356.0,104876.0,,,15059.0,2056.0,,,189095.0,316.0,50.0,25.0,1247.0,1034191.1304383562,0.0,6.489154942208576
1998,1998-99,Congenital,98629.0,92135.0,57512.0,,,9443.0,58373.0,,,76364.0,18900.0,2216.0,1123.0,25550.0,289618.5191643836,11.055723975706941,5.09564022751929
1998,1998-99,Symptoms and signs,1316929.0,1188368.0,588471.0,,,692017.0,341355.0,,,157834.0,596480.0,268731.0,292463.0,274070.0,5891967.37728767,48.73234623886329,8.808969731853425
1998,1998-99,Injury and poisoning,731143.0,674552.0,387342.0,,,569372.0,73431.0,,,127398.0,361161.0,88905.0,153244.0,30357.0,4122743.005356164,43.13418989171749,6.74394256663881
1998,1998-99,Health services factors,1062030.0,1014725.0,478115.0,,,53081.0,336971.0,,,461165.0,364935.0,114434.0,117321.0,324627.0,2979225.9675068497,28.492012466691147,5.234199598881387
1999,1999-00,Infectious and parasitic,143302.0,129023.0,74468.0,,,103786.0,17564.0,,,64830.0,47823.0,13595.0,15834.0,15605.0,572594.2244527397,26.85363777197806,5.6937551464738805
1999,1999-00,Neoplasms,1350281.0,1273987.0,649857.0,,,158742.0,646759.0,,,46948.0,540502.0,479283.0,283353.0,763486.0,4238104.51174137,58.82926072424925,8.24129051656655
1999,1999-00,Blood and immune,161783.0,143303.0,73504.0,,,46656.0,59734.0,,,20143.0,59526.0,36679.0,45389.0,77253.0,420886.1438682192,52.15518935858527,6.5246787363320005
1999,1999-00,Endocrine and metabolic,146992.0,128947.0,71090.0,,,56738.0,52644.0,,,16734.0,65555.0,37384.0,27238.0,48613.0,706715.5634853424,49.877673614890604,9.249519701752476
1999,1999-00,Mental health,230778.0,209317.0,116051.0,,,136155.0,26743.0,,,13509.0,145639.0,29034.0,42389.0,5360.0,6510845.393589589,46.9039943148827,54.330148887675605
1999,1999-00,Nervous system,231055.0,203435.0,107606.0,,,87517.0,87761.0,,,21385.0,111728.0,48465.0,49388.0,56980.0,1738487.5413868492,51.22256172772716,13.574151608924282
1999,1999-00,Eye,364259.0,362425.0,146880.0,,,22511.0,327123.0,,,18082.0,67287.0,106685.0,172012.0,265500.0,175639.83520767125,67.15764607051575,2.030797042763528
1999,1999-00,Ear,91959.0,90843.0,49204.0,,,12351.0,77033.0,,,53394.0,28026.0,7166.0,3370.0,50347.0,72218.80683452054,23.0,1.8
1999,1999-00,Circulatory,1057499.0,846729.0,583580.0,,,507002.0,269601.0,,,6541.0,294925.0,381170.0,374587.0,143469.0,6966984.779098356,65.98448320045692,10.029113124456856
1999,1999-00,Respiratory,741876.0,628239.0,385429.0,,,451928.0,152287.0,,,190003.0,207956.0,150276.0,193439.0,34528.0,3753122.9240528764,44.77642085739396,6.8044808027217485
1999,1999-00,Digestive,1297477.0,1153002.0,646270.0,,,345970.0,709094.0,,,120517.0,631707.0,305568.0,239289.0,602770.0,3192179.776119178,50.225247152743364,5.64696699825893
1999,1999-00,Skin,260372.0,244299.0,129443.0,,,90386.0,140523.0,,,25659.0,144911.0,46779.0,42969.0,119899.0,923483.9097854793,46.249585208855024,7.804028466962654
1999,1999-00,Musculoskeletal,643361.0,618660.0,282776.0,,,120466.0,443241.0,,,26028.0,341825.0,165921.0,109140.0,254661.0,2397815.1062316434,53.01073269906009,6.773265087563593
1999,1999-00,Genitourinary,801024.0,757506.0,293850.0,,,174213.0,499820.0,,,45582.0,472735.0,159854.0,120393.0,355926.0,1992168.5523568494,49.068180229306485,5.087097889701182
1999,1999-00,Pregnancy and childbirth,1178797.0,1162464.0,0.0,,,141970.0,104085.0,,,1317.0,1157129.0,14.0,4792.0,100552.0,2033258.3343289043,28.29474455737502,1.9626317338778432
1999,1999-00,Perinatal,186866.0,164884.0,101683.0,,,15460.0,2182.0,,,186209.0,395.0,104.0,95.0,1467.0,979478.5032663014,0.0,6.444054563162908
1999,1999-00,Congenital,99372.0,92857.0,57730.0,,,9310.0,56588.0,,,77486.0,18693.0,2055.0,1080.0,26971.0,285198.5851724657,11.02880086946021,4.969288129452965
1999,1999-00,Symptoms and signs,1378392.0,1239630.0,621564.0,,,714377.0,351317.0,,,164225.0,615715.0,286485.0,309597.0,303534.0,5853381.10046233,49.32635201016837,8.054489506613502
1999,1999-00,Injury and poisoning,758587.0,697650.0,404577.0,,,587582.0,74948.0,,,136354.0,370317.0,92242.0,159242.0,32434.0,4228171.223543013,42.90905327932063,6.68591011973577
1999,1999-00,Health services factors,1043531.0,1002337.0,467154.0,,,53659.0,310152.0,,,447084.0,365415.0,114421.0,114890.0,320408.0,2796217.755705891,28.680345864186116,4.88843426788471
2000,2000-01,Infectious and parasitic,153273.0,136170.0,79484.0,,,111934.0,15702.0,,,71200.0,50200.0,13313.0,16951.0,15469.0,598235.2947671233,26.475706745480288,5.614950447893627
2000,2000-01,Neoplasms,1353897.0,1269302.0,659888.0,,,155859.0,625966.0,,,45686.0,527506.0,485682.0,294291.0,764846.0,4276446.320780823,59.38572136580552,8.381309287190975
2000,2000-01,Blood and immune,168093.0,147246.0,75313.0,,,45982.0,58427.0,,,18378.0,63053.0,38133.0,48432.0,82789.0,425420.11073972605,52.902851397738154,6.6317544454557895
2000,2000-01,Endocrine and metabolic,148785.0,128149.0,71492.0,,,56777.0,49882.0,,,16257.0,66873.0,36768.0,28682.0,47829.0,716945.5152739726,50.26246597439258,9.335894075343617
2000,2000-01,Mental health,220743.0,198288.0,109383.0,,,130008.0,25140.0,,,12285.0,141968.0,27302.0,38848.0,4198.0,6569620.030465753,46.42379146790612,66.09690726319748
2000,2000-01,Nervous system,235456.0,204462.0,109192.0,,,87350.0,87266.0,,,22348.0,114424.0,48741.0,49678.0,61069.0,1752171.6982876712,50.64432845202501,15.189496126664853
2000,2000-01,Eye,389401.0,386639.0,155821.0,,,22503.0,342215.0,,,18073.0,68072.0,113295.0,189791.0,298303.0,167420.44573972604,67.65478517004323,1.6913595496673097
2000,2000-01,Ear,90224.0,88900.0,48211.0,,,12480.0,74542.0,,,50972.0,28328.0,7402.0,3502.0,48295.0,70094.81097260273,23.0,1.8
2000,2000-01,Circulatory,1071995.0,837594.0,592714.0,,,496819.0,264759.0,,,6421.0,294451.0,382746.0,387761.0,148052.0,7100541.4638493145,66.03142085550772,10.327668226064487
2000,2000-01,Respiratory,705899.0,585199.0,370188.0,,,423152.0,138600.0,,,174475.0,204795.0,141404.0,184524.0,34999.0,3532207.117958904,44.809802818816856,6.976045156601724
2000,2000-01,Digestive,1302382.0,1144411.0,647052.0,,,349871.0,648392.0,,,118487.0,630410.0,305227.0,247669.0,598070.0,3288565.5670684935,50.342588426437096,5.868547323289173
2000,2000-01,Skin,271526.0,250699.0,136413.0,,,95461.0,136678.0,,,25708.0,150793.0,48520.0,46360.0,122868.0,990206.6755068493,46.188725941530464,8.232440723908574
2000,2000-01,Musculoskeletal,657962.0,628406.0,287579.0,,,123770.0,438038.0,,,24896.0,345598.0,171989.0,114770.0,262135.0,2403428.916082192,53.5153671488627,6.677477726677224
2000,2000-01,Genitourinary,793740.0,742879.0,291754.0,,,176670.0,479213.0,,,44301.0,462038.0,158779.0,124868.0,346253.0,2039694.4997808218,49.188437019678986,5.241757880414242
2000,2000-01,Pregnancy and childbirth,1153494.0,1134453.0,0.0,,,131980.0,99571.0,,,1134.0,1126888.0,22.0,5900.0,95567.0,1933701.2105616436,28.291105111946834,1.877998325088817
2000,2000-01,Perinatal,178981.0,156484.0,98479.0,,,16106.0,1774.0,,,178526.0,251.0,3.0,115.0,1407.0,934642.4027123288,0.0,6.450130460775166
2000,2000-01,Congenital,97394.0,90214.0,55851.0,,,8750.0,53545.0,,,75235.0,18777.0,2123.0,1198.0,26442.0,274736.9924931507,11.032055362753352,4.56187958190443
2000,2000-01,Symptoms and signs,1525551.0,1349333.0,686933.0,,,799138.0,352570.0,,,164738.0,675770.0,318889.0,359031.0,318792.0,6831225.452082192,50.00737700673396,8.458107398572713
2000,2000-01,Injury and poisoning,733353.0,666030.0,387629.0,,,560280.0,71787.0,,,121996.0,359695.0,91336.0,159713.0,30485.0,4260041.922465754,43.758997372343195,7.002134715478086
2000,2000-01,Health services factors,1012516.0,971292.0,457672.0,,,51946.0,283529.0,,,434533.0,351894.0,111372.0,110527.0,311641.0,2727434.258410959,28.668684741771983,5.915715504742641
2001,2001-02,Infectious and parasitic,160773.0,140945.0,83533.0,,,117597.0,14541.0,,,76091.0,49594.0,14379.0,18439.0,14538.0,631939.9764657533,25.964129549115835,5.716035652752639
2001,2001-02,Neoplasms,1347846.0,1256896.0,660426.0,,,156251.0,631938.0,,,45726.0,521512.0,479883.0,298945.0,763375.0,4294658.754794521,59.44748880806858,8.644735451973
2001,2001-02,Blood and immune,180127.0,157386.0,81268.0,,,49083.0,60116.0,,,18918.0,68163.0,41043.0,51615.0,89492.0,448427.66268493154,52.89809412248025,6.701911429158317
2001,2001-02,Endocrine and metabolic,152870.0,128966.0,73569.0,,,59570.0,46463.0,,,17174.0,68015.0,36706.0,30482.0,46144.0,756353.6277123288,49.475534768103614,9.427788316870544
2001,2001-02,Mental health,221054.0,196105.0,110674.0,,,126173.0,23154.0,,,12274.0,142271.0,27498.0,38623.0,4135.0,6613748.363123288,46.50131189664064,64.92308033331223
2001,2001-02,Nervous system,241553.0,207405.0,112887.0,,,87985.0,87070.0,,,22467.0,117004.0,49631.0,51889.0,64133.0,1836871.9752876712,50.83127926376406,15.690765173688591
2001,2001-02,Eye,397403.0,394694.0,159753.0,,,22323.0,342393.0,,,16831.0,68858.0,116489.0,194791.0,315237.0,155265.74384931507,68.12821493546853,1.7530343253573828
2001,2001-02,Ear,85107.0,83772.0,45819.0,,,12286.0,69256.0,,,48328.0,26398.0,6938.0,3388.0,45759.0,67559.5705479452,23.0,1.8
2001,2001-02,Circulatory,1085883.0,829320.0,603045.0,,,484012.0,262951.0,,,6494.0,295795.0,381035.0,400894.0,152263.0,7259292.168726028,66.49224363950812,10.700353445076495
2001,2001-02,Respiratory,741832.0,599488.0,385449.0,,,441208.0,132635.0,,,181866.0,204243.0,150682.0,203682.0,34481.0,3789919.5353972604,45.50306808010439,7.265988525703933
2001,2001-02,Digestive,1298103.0,1127544.0,642779.0,,,350247.0,614522.0,,,121947.0,621356.0,300118.0,252590.0,583459.0,3384674.015205479,50.360818825624776,6.089654750046798
2001,2001-02,Skin,272186.0,249493.0,137164.0,,,96719.0,134423.0,,,24641.0,150931.0,49259.0,46813.0,121681.0,1003891.7501095891,46.349885739898454,8.2836857883947
2001,2001-02,Musculoskeletal,661850.0,630559.0,289156.0,,,123379.0,432712.0,,,24423.0,343544.0,175413.0,116308.0,263485.0,2370002.055465753,53.69141799501398,6.645961471632546
2001,2001-02,Genitourinary,777432.0,720965.0,293075.0,,,177474.0,457975.0,,,43412.0,442566.0,156719.0,130257.0,333115.0,2102471.1659041094,49.89488469731115,5.543363921217547
2001,2001-02,Pregnancy and childbirth,1168689.0,1147695.0,36.0,,,130877.0,96923.0,,,1251.0,1141296.0,15.0,3235.0,96398.0,1897177.3655205478,28.140689268060193,1.8821728449570418
2001,2001-02,Perinatal,175835.0,151234.0,97148.0,,,16064.0,1735.0,,,175395.0,242.0,4.0,18.0,1340.0,931819.2079178082,0.0,6.653455227912532
2001,2001-02,Congenital,97524.0,90617.0,56095.0,,,9093.0,52893.0,,,75040.0,18940.0,2242.0,1106.0,26138.0,267342.9940684932,11.055617078872892,4.763475657274107
2001,2001-02,Symptoms and signs,1530162.0,1338409.0,706889.0,,,816150.0,336427.0,,,164816.0,661106.0,324573.0,371714.0,311346.0,6806187.800958904,50.58014902997199,7.549826031492088
2001,2001-02,Injury and poisoning,751028.0,673743.0,399425.0,,,567305.0,71083.0,,,125182.0,366410.0,92130.0,165746.0,30579.0,4499316.988219178,43.925916210847,7.384928524635567
2001,2001-02,Health services factors,1010103.0,970563.0,457967.0,,,49822.0,255926.0,,,453685.0,342822.0,105454.0,102936.0,295854.0,2446836.310013699,27.687765505101954,4.3979162521049835
2002,2002-03,Infectious and parasitic,160639.0,138008.0,83305.0,,,114476.0,14486.0,,,71775.0,50359.0,15446.0,21775.0,14715.0,672104.0,27.97638182508606,6.427482740803914
2002,2002-03,Neoplasms,1378513.0,1282745.0,679350.0,,,158767.0,664998.0,,,48777.0,524207.0,490485.0,313828.0,770642.0,4341226.0,59.650297820912826,8.388694049312557
2002,2002-03,Blood and immune,188355.0,163921.0,84955.0,,,49839.0,64356.0,,,19227.0,71582.0,43040.0,54271.0,94508.0,456947.0,53.15600860078044,6.6973242016405194
2002,2002-03,Endocrine and metabolic,160373.0,133683.0,77746.0,,,63007.0,45687.0,,,18222.0,71829.0,37200.0,32909.0,46702.0,786735.0,49.419403515554365,9.445946013356362
2002,2002-03,Mental health,225173.0,200978.0,114879.0,,,127285.0,23606.0,,,12042.0,146785.0,26646.0,39362.0,4244.0,6633312.0,46.6702180101522,59.86160596519121
2002,2002-03,Nervous system,251709.0,216451.0,116366.0,,,89440.0,91192.0,,,23807.0,122212.0,51772.0,53621.0,69624.0,1735511.0,50.998148655789024,13.752564270645866
2002,2002-03,Eye,419692.0,416993.0,168907.0,,,21984.0,356877.0,,,16939.0,71938.0,123029.0,207648.0,342737.0,147405.0,68.18353697473385,1.8055092782326085
2002,2002-03,Ear,84593.0,83163.0,45431.0,,,12023.0,69116.0,,,46427.0,27369.0,7197.0,3584.0,43837.0,68708.0,24.0,1.7999999999999998
2002,2002-03,Circulatory,1148721.0,860850.0,636524.0,,,491366.0,277158.0,,,6703.0,313341.0,394206.0,433466.0,167823.0,7620372.0,66.45967384595563,11.054148744560257
2002,2002-03,Respiratory,768141.0,609120.0,397699.0,,,440652.0,142120.0,,,174356.0,216591.0,157588.0,218943.0,36618.0,3890416.0,46.792931245695776,7.471594668166391
2002,2002-03,Digestive,1345261.0,1167023.0,668136.0,,,367031.0,626460.0,,,126745.0,642698.0,308905.0,266110.0,597586.0,3530983.0,50.522801894948266,6.202028825633092
2002,2002-03,Skin,285366.0,260131.0,144101.0,,,101808.0,139095.0,,,24942.0,159020.0,50772.0,50289.0,125701.0,1038826.0,47.21218014759992,8.238048330915385
2002,2002-03,Musculoskeletal,721624.0,687845.0,314346.0,,,131027.0,471115.0,,,25064.0,370209.0,194840.0,130000.0,288427.0,2522043.0,54.38893939225968,6.594486463864839
2002,2002-03,Genitourinary,807239.0,745010.0,307700.0,,,184916.0,464624.0,,,43518.0,452403.0,164071.0,142630.0,345559.0,2205587.0,50.4976184252743,5.678453345291791
2002,2002-03,Pregnancy and childbirth,1205154.0,1183348.0,40.0,,,133299.0,94506.0,,,1190.0,1183664.0,15.0,4446.0,93271.0,1986625.0,28.272931094283386,1.7991474118660356
2002,2002-03,Perinatal,174126.0,150690.0,96508.0,,,17342.0,1856.0,,,173799.0,232.0,1.0,22.0,1495.0,972234.0,0.0,6.694431618483167
2002,2002-03,Congenital,102239.0,94766.0,59335.0,,,9168.0,55028.0,,,78683.0,19943.0,2387.0,1166.0,27502.0,280125.0,11.033490155420143,4.433960621680572
2002,2002-03,Symptoms and signs,1516321.0,1323514.0,703370.0,,,817052.0,322528.0,,,159420.0,657192.0,323653.0,373247.0,304751.0,6342102.0,51.08436472224549,7.412998369078842
2002,2002-03,Injury and poisoning,774889.0,689077.0,405815.0,,,573117.0,74023.0,,,121564.0,372122.0,97260.0,183153.0,31924.0,4947573.0,45.11202894866233,8.089959594212848
2002,2002-03,Health services factors,1037783.0,1006770.0,468654.0,,,49881.0,261701.0,,,470104.0,358610.0,106204.0,98905.0,306461.0,2168436.0,27.18774445139302,3.672083566603037
2003,2003-04,Infectious and parasitic,161366.0,136555.0,83226.0,,,112728.0,13792.0,,,67619.0,51988.0,16139.0,24411.0,14923.0,721048.0,32.682219302703174,6.826406430102998
2003,2003-04,Neoplasms,1390107.0,1288227.0,683330.0,,,156595.0,638095.0,,,48398.0,522295.0,500399.0,318276.0,778261.0,4328394.0,60.45464413890441,8.209962182767224
2003,2003-04,Blood and immune,196928.0,170605.0,87462.0,,,50657.0,63795.0,,,18475.0,76185.0,45512.0,56610.0,100006.0,452360.0,54.977331816704584,6.355199870003251
2003,2003-04,Endocrine and metabolic,170310.0,140726.0,82458.0,,,66276.0,47542.0,,,18653.0,76043.0,39354.0,36079.0,49855.0,814070.0,51.399853208854445,8.969499735775939
2003,2003-04,Mental health,216996.0,190546.0,112207.0,,,125131.0,19208.0,,,10093.0,141991.0,25821.0,38866.0,3148.0,7364533.0,47.51475142398938,53.51694363029733
2003,2003-04,Nervous system,263191.0,225632.0,121112.0,,,92319.0,95401.0,,,23390.0,128719.0,55576.0,55408.0,77291.0,1847890.0,52.44797504473937,13.600319919754094
2003,2003-04,Eye,448786.0,446141.0,182348.0,,,23336.0,378265.0,,,17025.0,74797.0,133765.0,223133.0,373899.0,145475.0,68.75632929725973,1.6857789681496302
2003,2003-04,Ear,81246.0,79532.0,43086.0,,,13058.0,64434.0,,,42555.0,27292.0,7541.0,3843.0,40196.0,69458.0,26.0,1.8000000000000003
2003,2003-04,Circulatory,1169265.0,862860.0,649324.0,,,486389.0,278214.0,,,6921.0,316916.0,397227.0,447805.0,174732.0,7571549.0,67.50292021055962,10.535780768260404
2003,2003-04,Respiratory,841102.0,649557.0,429805.0,,,485552.0,137317.0,,,183499.0,227006.0,175165.0,255026.0,35768.0,4256594.0,50.469407990945214,7.356105323730058
2003,2003-04,Digestive,1354340.0,1167859.0,671910.0,,,376212.0,615872.0,,,122650.0,651619.0,310805.0,268736.0,589535.0,3578036.0,51.95758672120738,5.974154791263641
2003,2003-04,Skin,293527.0,263886.0,148845.0,,,109247.0,136400.0,,,24614.0,162701.0,53147.0,52889.0,122500.0,1098172.0,49.18111792100897,7.890704432641632
2003,2003-04,Musculoskeletal,766902.0,730780.0,331853.0,,,138786.0,493813.0,,,25299.0,387534.0,213228.0,139887.0,304127.0,2577659.0,55.47235370360229,6.1167741119465076
2003,2003-04,Genitourinary,821441.0,748159.0,319716.0,,,198160.0,447722.0,,,43666.0,450538.0,166074.0,155806.0,331936.0,2296750.0,51.877148815313575,5.674483377381942
2003,2003-04,Pregnancy and childbirth,1225466.0,1202998.0,0.0,,,130787.0,90020.0,,,1031.0,1204289.0,18.0,5537.0,91852.0,2015603.0,28.398238710825108,1.7938030104466383
2003,2003-04,Perinatal,179768.0,153655.0,99076.0,,,18094.0,1792.0,,,179382.0,272.0,6.0,18.0,1425.0,1022287.0,0.0,6.608319055671755
2003,2003-04,Congenital,104343.0,95979.0,60315.0,,,9199.0,55972.0,,,79771.0,20856.0,2443.0,1217.0,28681.0,284673.0,11.030706420171933,4.209007791610362
2003,2003-04,Symptoms and signs,1632931.0,1415296.0,758699.0,,,916072.0,326755.0,,,160278.0,705270.0,348933.0,416057.0,306896.0,6945181.0,53.138262425050414,6.835940526574608
2003,2003-04,Injury and poisoning,816443.0,721003.0,428002.0,,,601486.0,76774.0,,,121561.0,396781.0,103539.0,194090.0,32476.0,5138334.0,46.52442607750939,7.715025053800449
2003,2003-04,Health services factors,1040022.0,1009167.0,467142.0,,,48650.0,245997.0,,,480064.0,357438.0,103715.0,96009.0,299969.0,2091544.0,26.67290884231295,3.309916040237611
2004,2004-05,Infectious and parasitic,175760.0,145232.0,90171.0,,,121102.0,13684.0,,,69896.0,56632.0,18524.0,29636.0,15452.0,790456.0,34.14105029585799,6.585322030040966
2004,2004-05,Neoplasms,1423410.0,1313619.0,699809.0,,,160299.0,616078.0,,,48005.0,525469.0,520233.0,329290.0,802469.0,4325696.0,60.81658692857293,8.165874484512546
2004,2004-05,Blood and immune,208129.0,179992.0,93907.0,,,53100.0,61999.0,,,19619.0,81049.0,48030.0,59287.0,106556.0,443174.0,55.07698110306589,5.975827491603765
2004,2004-05,Endocrine and metabolic,184332.0,151876.0,91062.0,,,70854.0,48345.0,,,19407.0,82902.0,42099.0,39819.0,55053.0,809269.0,51.93725451902003,8.333298613371525
2004,2004-05,Mental health,224585.0,192870.0,117885.0,,,129584.0,16739.0,,,9554.0,149024.0,26876.0,38947.0,2645.0,7825652.0,47.451521695571834,55.43421110047421
2004,2004-05,Nervous system,275250.0,235352.0,126357.0,,,96953.0,98854.0,,,23781.0,136076.0,58682.0,56598.0,82792.0,1730040.0,52.621227974568576,12.322946412352408
2004,2004-05,Eye,455248.0,452448.0,187276.0,,,25281.0,377009.0,,,17120.0,77586.0,137239.0,223271.0,383939.0,138455.0,68.54407487786877,1.659040127578814
2004,2004-05,Ear,80953.0,79019.0,43073.0,,,13665.0,63442.0,,,40991.0,27810.0,8018.0,4130.0,40019.0,68078.0,27.0,1.7000000000000002
2004,2004-05,Circulatory,1194900.0,872366.0,665671.0,,,486284.0,281838.0,,,6608.0,319075.0,403647.0,465239.0,182308.0,7470397.0,67.65811113900745,10.297754623817891
2004,2004-05,Respiratory,877451.0,668005.0,449517.0,,,505423.0,136023.0,,,182874.0,240776.0,181936.0,271546.0,39020.0,4217437.0,51.057131395371364,7.090923481767073
2004,2004-05,Digestive,1415945.0,1210193.0,697825.0,,,409161.0,620325.0,,,126387.0,677976.0,324919.0,286307.0,607655.0,3653359.0,51.906575467267444,5.833042314496678
2004,2004-05,Skin,295975.0,264258.0,149964.0,,,114340.0,134100.0,,,24839.0,162161.0,53266.0,55559.0,120206.0,1064706.0,49.195878030239044,7.5029590337021705
2004,2004-05,Musculoskeletal,812761.0,771601.0,350397.0,,,157058.0,506727.0,,,26868.0,404187.0,229331.0,151948.0,322825.0,2582629.0,55.733947618057464,5.837158771151667
2004,2004-05,Genitourinary,847055.0,762064.0,330874.0,,,219388.0,441595.0,,,44969.0,457050.0,168146.0,170352.0,338373.0,2370653.0,52.03101333443519,5.575183075479161
2004,2004-05,Pregnancy and childbirth,1277954.0,1251641.0,0.0,,,139557.0,86992.0,,,1064.0,1260002.0,29.0,4853.0,88327.0,2002435.0,28.37769199830354,1.7244616003392923
2004,2004-05,Perinatal,184637.0,157110.0,101797.0,,,20558.0,1819.0,,,184320.0,244.0,2.0,11.0,1500.0,1046633.0,0.0,6.588669659927318
2004,2004-05,Congenital,105530.0,96983.0,60469.0,,,9458.0,55335.0,,,80486.0,21222.0,2532.0,1261.0,29750.0,288409.0,11.035591774850753,4.869060930541078
2004,2004-05,Symptoms and signs,1732318.0,1500645.0,802876.0,,,1007296.0,317672.0,,,169749.0,749661.0,366116.0,443742.0,303860.0,6553028.0,53.170456578988386,6.091566213593578
2004,2004-05,Injury and poisoning,877719.0,770293.0,456516.0,,,642714.0,80040.0,,,121647.0,428439.0,112563.0,214647.0,34737.0,5245502.0,46.98489151995115,7.387434019315978
2004,2004-05,Health services factors,1056853.0,1026439.0,468009.0,,,46605.0,229003.0,,,501292.0,363132.0,99242.0,90833.0,290146.0,1928689.0,25.848409381437154,2.942168116095616
2005,2005-06,Infectious and parasitic,188502.0,151753.0,96682.0,,,127766.0,13475.0,,,71001.0,62075.0,20360.0,34249.0,14975.0,861379.0,35.607680555113475,6.78660916064551
2005,2005-06,Neoplasms,1520547.0,1402879.0,751922.0,,,164881.0,646444.0,,,49025.0,557483.0,559219.0,354246.0,869548.0,4304287.0,60.756700055966704,7.811516644996833
2005,2005-06,Blood and immune,222715.0,192395.0,99621.0,,,53962.0,67340.0,,,19384.0,86805.0,52274.0,64163.0,118057.0,434150.0,55.38371012280268,5.744364771120041
2005,2005-06,Endocrine and metabolic,204441.0,167918.0,101889.0,,,77422.0,54333.0,,,20793.0,93499.0,46094.0,43912.0,63176.0,819993.0,51.87946644753254,7.815302214330786
2005,2005-06,Mental health,218924.0,187094.0,116001.0,,,128207.0,16502.0,,,8699.0,145191.0,26607.0,38249.0,3072.0,7247499.0,48.013986588953244,55.15501406880927
2005,2005-06,Nervous system,294623.0,249496.0,136046.0,,,103908.0,105086.0,,,25527.0,145858.0,63272.0,59912.0,88063.0,1696587.0,52.79613607898908,11.520368063593134
2005,2005-06,Eye,453111.0,450181.0,190547.0,,,27168.0,370417.0,,,17630.0,82379.0,138396.0,214680.0,382172.0,135520.0,68.25814204466455,1.7154390425304176
2005,2005-06,Ear,83269.0,81026.0,44065.0,,,14415.0,64388.0,,,41836.0,28521.0,8325.0,4586.0,41503.0,67920.0,27.0,1.7
2005,2005-06,Circulatory,1244004.0,897741.0,694974.0,,,488990.0,295762.0,,,7023.0,333783.0,415630.0,487275.0,199550.0,7169489.0,67.79465419725338,9.719308941128807
2005,2005-06,Respiratory,922925.0,694219.0,473004.0,,,527758.0,137866.0,,,199443.0,251631.0,185750.0,285828.0,44440.0,4209931.0,50.644676436330144,6.837929084161768
2005,2005-06,Digestive,1534117.0,1306105.0,755566.0,,,431832.0,676356.0,,,128941.0,740675.0,354941.0,309195.0,676808.0,3670491.0,52.07480198707139,5.4703842666498055
2005,2005-06,Skin,308949.0,273371.0,157267.0,,,119591.0,134378.0,,,25737.0,168229.0,56334.0,58561.0,124082.0,1041407.0,49.09339081854934,7.066135511039039
2005,2005-06,Musculoskeletal,881170.0,834416.0,375796.0,,,176549.0,546232.0,,,27838.0,436443.0,248731.0,167783.0,352501.0,2534475.0,55.7721347753555,5.365673706549247
2005,2005-06,Genitourinary,914573.0,814507.0,356595.0,,,239483.0,463978.0,,,46175.0,490317.0,179098.0,191422.0,365768.0,2445532.0,52.496542102161335,5.421992448935185
2005,2005-06,Pregnancy and childbirth,1338513.0,1308697.0,0.0,,,147638.0,96623.0,,,1159.0,1318969.0,16.0,4361.0,96681.0,2002852.0,28.25158814296163,1.6119441499634293
2005,2005-06,Perinatal,196985.0,166620.0,108498.0,,,22922.0,2138.0,,,196724.0,148.0,0.0,8.0,1728.0,1074791.0,0.0,6.414302104221134
2005,2005-06,Congenital,111100.0,101893.0,63623.0,,,10014.0,58181.0,,,84047.0,22954.0,2706.0,1361.0,31761.0,300595.0,11.0,4.374604860486049
2005,2005-06,Symptoms and signs,1743361.0,1505981.0,815952.0,,,1042597.0,299196.0,,,168285.0,762417.0,364564.0,446607.0,300619.0,5961526.0,53.20060331738521,5.418408178225852
2005,2005-06,Injury and poisoning,961017.0,836304.0,495712.0,,,699796.0,86255.0,,,124065.0,472817.0,123468.0,240334.0,37691.0,5299181.0,47.938244588805404,6.919376868463305
2005,2005-06,Health services factors,1080660.0,1056032.0,469252.0,,,54155.0,233106.0,,,501230.0,385293.0,103359.0,88997.0,301109.0,1642613.0,25.74139599874151,2.414650121222216
2006,2006-07,Infectious and parasitic,204980.0,162211.0,105556.0,,,136370.0,14588.0,,,75641.0,65446.0,23448.0,39651.0,17037.0,945999.0,37.04762903697922,6.96393355449312
2006,2006-07,Neoplasms,1562085.0,1441884.0,765755.0,,,160986.0,664298.0,,,47186.0,567461.0,580153.0,366742.0,933868.0,4066050.0,61.058414234820766,7.704982123251936
2006,2006-07,Blood and immune,233992.0,203795.0,104910.0,,,55606.0,75272.0,,,19902.0,90085.0,56616.0,67259.0,129636.0,411874.0,56.416933057540426,5.5275620534035355
2006,2006-07,Endocrine and metabolic,213088.0,174265.0,106702.0,,,80305.0,54929.0,,,21525.0,98560.0,46850.0,45985.0,66595.0,784015.0,51.787923299294185,7.310230045802673
2006,2006-07,Mental health,211408.0,177991.0,114702.0,,,123334.0,14847.0,,,8538.0,139551.0,25337.0,35305.0,3012.0,6589213.0,47.61958866268069,53.22354404752895
2006,2006-07,Nervous system,304665.0,258141.0,141949.0,,,105566.0,107648.0,,,26908.0,151455.0,65161.0,60789.0,96049.0,1571488.0,52.24860748691185,10.704406479247698
2006,2006-07,Eye,456327.0,453444.0,193255.0,,,24166.0,373343.0,,,17676.0,80970.0,140463.0,217194.0,392766.0,114625.0,68.26914252279616,1.6171333276356648
2006,2006-07,Ear,82042.0,79672.0,43060.0,,,14863.0,62542.0,,,39432.0,28877.0,8769.0,4959.0,42239.0,60874.0,28.0,1.6
2006,2006-07,Circulatory,1255590.0,901923.0,705822.0,,,477080.0,307732.0,,,7285.0,341195.0,418104.0,488426.0,208618.0,6648299.0,67.74282130313239,8.919552162728278
2006,2006-07,Respiratory,936817.0,693255.0,478460.0,,,529614.0,135197.0,,,192506.0,258311.0,192522.0,293011.0,50671.0,4072007.0,51.41048785408463,6.582471176334333
2006,2006-07,Digestive,1617166.0,1382085.0,794543.0,,,438458.0,760177.0,,,128407.0,783819.0,381081.0,323453.0,752918.0,3531816.0,52.38059914690267,5.183221203018119
2006,2006-07,Skin,306019.0,268966.0,155927.0,,,121003.0,127921.0,,,25241.0,164918.0,57377.0,58402.0,120837.0,952940.0,49.159022805773496,6.494646410843771
2006,2006-07,Musculoskeletal,931433.0,883272.0,396512.0,,,182667.0,569847.0,,,28434.0,457460.0,268753.0,176325.0,385894.0,2400652.0,56.26898338366796,4.8867580384203695
2006,2006-07,Genitourinary,930866.0,820662.0,369424.0,,,249821.0,463877.0,,,45041.0,485355.0,187839.0,204912.0,357682.0,2391855.0,53.32089688526598,4.978330608272297
2006,2006-07,Pregnancy and childbirth,1360949.0,1329122.0,0.0,,,146673.0,95193.0,,,1055.0,1346857.0,1.0,4585.0,97786.0,1927858.0,28.246269331179935,1.5138057340870232
2006,2006-07,Perinatal,211323.0,178606.0,115680.0,,,26380.0,2357.0,,,211131.0,102.0,5.0,9.0,1967.0,1122643.0,0.0,6.198268527325468
2006,2006-07,Congenital,112689.0,102593.0,64159.0,,,10471.0,57112.0,,,85442.0,22768.0,2871.0,1495.0,32962.0,290401.0,10.98481661919087,4.319948708392124
2006,2006-07,Symptoms and signs,1750817.0,1518473.0,827034.0,,,1038227.0,336724.0,,,164224.0,766502.0,372225.0,446647.0,326591.0,5595226.0,53.23169925811778,5.701479195141467
2006,2006-07,Injury and poisoning,996208.0,862880.0,516591.0,,,720176.0,91597.0,,,126226.0,490374.0,130790.0,248196.0,43719.0,5116637.0,47.84752782551435,6.489853323803863
2006,2006-07,Health services factors,1106117.0,1083033.0,483388.0,,,58251.0,235488.0,,,519608.0,384325.0,108226.0,91331.0,312543.0,1486098.0,25.353384858925413,2.229265620183037
2007,2007-08,Infectious and parasitic,211079.0,166373.0,108358.0,,,139958.0,14436.0,,,78519.0,65541.0,24856.0,41034.0,17873.0,961839.0,37.00082433591215,6.8926951520520765
2007,2007-08,Neoplasms,1587071.0,1467338.0,772367.0,,,155607.0,672822.0,,,47417.0,561562.0,604501.0,373083.0,971633.0,3830716.0,60.993787927572235,7.362693288454014
2007,2007-08,Blood and immune,251926.0,220427.0,113989.0,,,58077.0,80102.0,,,20906.0,95298.0,62686.0,72778.0,142807.0,406630.0,56.47204337781729,5.108552511451776
2007,2007-08,Endocrine and metabolic,226087.0,185708.0,112476.0,,,83510.0,57620.0,,,22311.0,104871.0,50752.0,47948.0,74085.0,773830.0,52.152304201479964,6.942580953349817
2007,2007-08,Mental health,205869.0,169303.0,111398.0,,,119972.0,13494.0,,,6331.0,139058.0,25724.0,34535.0,3059.0,5869012.0,47.74721303353103,43.2494858380815
2007,2007-08,Nervous system,318604.0,270959.0,149699.0,,,107098.0,117943.0,,,28250.0,158565.0,69510.0,62121.0,106760.0,1477011.0,52.1875965147958,9.80768697191498
2007,2007-08,Eye,504702.0,501597.0,215422.0,,,24701.0,406565.0,,,18989.0,86979.0,156745.0,241922.0,444238.0,105422.0,68.6099203094103,1.423464143197372
2007,2007-08,Ear,89486.0,86888.0,46979.0,,,14571.0,69522.0,,,41376.0,31525.0,10458.0,6108.0,50131.0,58599.0,29.0,1.6
2007,2007-08,Circulatory,1274674.0,906738.0,715200.0,,,473512.0,326631.0,,,7600.0,338814.0,424826.0,502605.0,226148.0,6424139.0,67.82495602797265,8.72306503466769
2007,2007-08,Respiratory,955526.0,701627.0,490974.0,,,531611.0,139620.0,,,196318.0,260163.0,196704.0,301584.0,61229.0,3993842.0,51.49884880160247,6.47343735282975
2007,2007-08,Digestive,1724700.0,1484577.0,848885.0,,,449615.0,849880.0,,,135419.0,836837.0,412882.0,338787.0,838627.0,3473201.0,52.17708529019539,4.97464857656404
2007,2007-08,Skin,311012.0,272917.0,159227.0,,,121579.0,131222.0,,,25951.0,164924.0,59361.0,60472.0,125293.0,914999.0,50.02599578151325,6.2831582061142335
2007,2007-08,Musculoskeletal,1020710.0,970560.0,437121.0,,,184325.0,639677.0,,,31471.0,495039.0,301449.0,190447.0,448994.0,2374256.0,56.031003909043704,4.605713571925424
2007,2007-08,Genitourinary,947934.0,830795.0,374714.0,,,256127.0,487268.0,,,46375.0,486990.0,193287.0,212569.0,368331.0,2395374.0,53.40547443176424,5.016090360721317
2007,2007-08,Pregnancy and childbirth,1425650.0,1391710.0,0.0,,,149944.0,98658.0,,,1139.0,1409551.0,9.0,3621.0,103901.0,1942038.0,28.242920772980746,1.501241118086487
2007,2007-08,Perinatal,220403.0,185732.0,120964.0,,,29174.0,2104.0,,,220189.0,97.0,2.0,4.0,1920.0,1123464.0,0.0,6.0158051387685285
2007,2007-08,Congenital,119768.0,109000.0,68347.0,,,10326.0,60056.0,,,90391.0,24545.0,3284.0,1524.0,37923.0,282556.0,11.0,3.9806559348072943
2007,2007-08,Symptoms and signs,1801842.0,1561055.0,853580.0,,,1053277.0,353392.0,,,167614.0,777711.0,387797.0,466602.0,356294.0,5464148.0,53.94354776944926,5.185233832933186
2007,2007-08,Injury and poisoning,1030719.0,889300.0,527339.0,,,734532.0,103648.0,,,126705.0,500909.0,139769.0,262515.0,53097.0,5079300.0,48.4175017633322,6.303640080371081
2007,2007-08,Health services factors,1131300.0,1107224.0,494609.0,,,55852.0,237618.0,,,526753.0,390500.0,117384.0,94590.0,334040.0,1317071.0,25.687665517546186,1.8822538672323879
2008,2008-09,Infectious and parasitic,219915.0,172683.0,113446.0,,,145156.0,15402.0,,,85577.0,58811.0,25057.0,40171.0,19205.0,927965.0,36.014942136734646,6.496836959734442
2008,2008-09,Neoplasms,1649678.0,1524205.0,806474.0,,,152433.0,663949.0,,,47222.0,566679.0,637678.0,395106.0,1033952.0,3758406.0,61.27312481587316,7.231645569620253
2008,2008-09,Blood and immune,270519.0,235309.0,121450.0,,,62313.0,86769.0,,,22230.0,98516.0,68655.0,80349.0,154171.0,409423.0,56.61937239158802,4.90401931102806
2008,2008-09,Endocrine and metabolic,248185.0,201988.0,123423.0,,,90635.0,60522.0,,,22781.0,114298.0,56672.0,53977.0,80978.0,817074.0,52.80206700646695,6.71478977375748
2008,2008-09,Mental health,204800.0,164982.0,111892.0,,,120598.0,11573.0,,,6062.0,137143.0,25576.0,35578.0,3388.0,7126548.0,48.92841796875,42.55469873046874
2008,2008-09,Nervous system,348214.0,294641.0,163470.0,,,113754.0,127525.0,,,28503.0,173391.0,77163.0,68685.0,122757.0,1601759.0,52.54057849483364,9.634975044082086
2008,2008-09,Eye,552938.0,549545.0,235505.0,,,25929.0,461700.0,,,19187.0,91019.0,171766.0,270669.0,493922.0,105723.0,69.19413388119463,1.6698125287102714
2008,2008-09,Ear,92413.0,89407.0,48481.0,,,16618.0,69353.0,,,42807.0,31522.0,11046.0,7001.0,52070.0,64605.0,30.0,1.7
2008,2008-09,Circulatory,1322295.0,926461.0,741384.0,,,481816.0,338810.0,,,8096.0,346012.0,435404.0,531063.0,237878.0,6399525.0,67.8078620882632,8.426536741044925
2008,2008-09,Respiratory,1059723.0,757003.0,538632.0,,,584412.0,137159.0,,,206250.0,274497.0,223631.0,353332.0,67925.0,4407818.0,52.865498814312794,6.522770950521976
2008,2008-09,Digestive,1848062.0,1589433.0,904694.0,,,465380.0,946727.0,,,139586.0,892219.0,448253.0,365345.0,933732.0,3511959.0,52.24282464549349,4.848341343526354
2008,2008-09,Skin,331478.0,289435.0,169612.0,,,126919.0,142262.0,,,26763.0,171005.0,64946.0,68159.0,137622.0,946673.0,50.96609126397529,6.25574125582995
2008,2008-09,Musculoskeletal,1133585.0,1077760.0,482409.0,,,198522.0,706197.0,,,31918.0,545949.0,338858.0,214379.0,528592.0,2401051.0,56.309163406361236,4.390782076333051
2008,2008-09,Genitourinary,1015711.0,880349.0,403129.0,,,275720.0,499243.0,,,48236.0,505748.0,208904.0,239655.0,398594.0,2543370.0,54.164591109085165,5.09024456759846
2008,2008-09,Pregnancy and childbirth,1382982.0,1349505.0,28.0,,,149749.0,96410.0,,,1105.0,1364516.0,13.0,5557.0,97514.0,1940377.0,28.36773797489772,1.500670652257224
2008,2008-09,Perinatal,238008.0,199543.0,130695.0,,,34009.0,2181.0,,,237554.0,107.0,9.0,4.0,2223.0,1167422.0,0.0,5.820486706329199
2008,2008-09,Congenital,122326.0,110997.0,69633.0,,,10419.0,58404.0,,,91025.0,25932.0,3589.0,1674.0,40690.0,283528.0,11.974690580906758,3.965804489642431
2008,2008-09,Symptoms and signs,1969049.0,1698401.0,930404.0,,,1142162.0,399122.0,,,180623.0,834907.0,423836.0,523879.0,406885.0,6932844.0,53.99228764748871,6.038161620152674
2008,2008-09,Injury and poisoning,1068138.0,914260.0,542533.0,,,750694.0,112000.0,,,122893.0,509498.0,151955.0,282271.0,60620.0,5129065.0,49.56915211330371,6.234290044919289
2008,2008-09,Health services factors,1154560.0,1126785.0,508448.0,,,63432.0,232681.0,,,533318.0,390673.0,127395.0,100592.0,347798.0,1366308.0,26.545756825110864,2.000187777161863
2009,2009-10,Infectious and parasitic,234245.0,183316.0,122092.0,,,155959.0,15864.0,,,95852.0,59861.0,26512.0,41153.0,19771.0,871744.0,34.253594500689175,5.941278148946616
2009,2009-10,Neoplasms,1701525.0,1566965.0,831627.0,,,154670.0,678575.0,,,50999.0,572154.0,659998.0,415885.0,1081581.0,3736698.0,61.505313174946004,7.234809656043843
2009,2009-10,Blood and immune,285857.0,248171.0,129055.0,,,65098.0,88624.0,,,23282.0,102614.0,73148.0,86066.0,165521.0,416582.0,57.66342262040111,4.830993818587615
2009,2009-10,Endocrine and metabolic,269574.0,216831.0,132473.0,,,95288.0,61633.0,,,23606.0,123543.0,61865.0,60092.0,88974.0,840498.0,52.84537826348238,6.480220273468509
2009,2009-10,Mental health,223573.0,174272.0,121213.0,,,129142.0,11988.0,,,5397.0,151076.0,28096.0,38511.0,2886.0,7482979.0,48.97464362870293,42.37607582310923
2009,2009-10,Nervous system,374756.0,313001.0,173967.0,,,122191.0,132885.0,,,30224.0,185385.0,82189.0,76432.0,133518.0,1635796.0,52.64290364930782,9.402945383129289
2009,2009-10,Eye,581107.0,576661.0,249220.0,,,25661.0,493580.0,,,19014.0,93841.0,180251.0,287776.0,523831.0,126017.0,69.26760304040391,1.5528615212000543
2009,2009-10,Ear,90589.0,86920.0,47483.0,,,17511.0,66444.0,,,41672.0,31345.0,10896.0,6629.0,50093.0,61305.0,30.0,1.5999999999999999
2009,2009-10,Circulatory,1358247.0,934076.0,759672.0,,,486550.0,341915.0,,,8008.0,350813.0,442428.0,555449.0,247937.0,6324401.0,67.91426890690721,8.29852155020405
2009,2009-10,Respiratory,1080270.0,754296.0,551965.0,,,580584.0,138183.0,,,216161.0,281157.0,227767.0,353289.0,73868.0,4339309.0,52.67593009155119,6.497391855739768
2009,2009-10,Digestive,1953859.0,1675251.0,955848.0,,,489209.0,1017477.0,,,140182.0,949906.0,475608.0,385284.0,1000405.0,3633007.0,52.558028496426815,4.826640612244793
2009,2009-10,Skin,347828.0,300831.0,176720.0,,,130444.0,149712.0,,,26255.0,176512.0,70884.0,73483.0,147131.0,943102.0,51.023735869452715,6.160938739836932
2009,2009-10,Musculoskeletal,1189567.0,1126010.0,505383.0,,,212472.0,740181.0,,,32369.0,567666.0,357177.0,231186.0,570158.0,2412754.0,56.83150507705745,4.379479003704708
2009,2009-10,Genitourinary,1073963.0,916946.0,427183.0,,,295522.0,515316.0,,,47697.0,528167.0,219451.0,264507.0,418019.0,2673362.0,54.81387999400352,5.193417650328736
2009,2009-10,Pregnancy and childbirth,1387266.0,1351898.0,29.0,,,154568.0,89053.0,,,1058.0,1371873.0,0.0,7075.0,90587.0,1937215.0,28.476404669328016,1.4976127865888733
2009,2009-10,Perinatal,248986.0,208239.0,136563.0,,,37348.0,2042.0,,,248545.0,55.0,6.0,1.0,2107.0,1190600.0,0.0,5.6353023864795615
2009,2009-10,Congenital,129140.0,116489.0,73725.0,,,11024.0,60687.0,,,97667.0,26215.0,3557.0,1549.0,42230.0,306495.0,10.987424500542048,4.103119095555212
2009,2009-10,Symptoms and signs,1954578.0,1665472.0,921584.0,,,1160763.0,391870.0,,,159673.0,832616.0,423389.0,535224.0,387348.0,6081967.0,54.84754407345217,4.9662125021360115
2009,2009-10,Injury and poisoning,1141300.0,972134.0,574222.0,,,799104.0,117575.0,,,128488.0,531057.0,167178.0,313172.0,65917.0,5243727.0,50.50854727065627,5.994351266100061
2009,2009-10,Health services factors,1179966.0,1149933.0,518061.0,,,54779.0,231378.0,,,543044.0,397258.0,132535.0,105225.0,363007.0,1235936.0,26.446401845476903,1.7541607131052928
2010,2010-11,Infectious and parasitic,257129.0,201751.0,135774.0,,,173850.0,15783.0,,,109124.0,64356.0,29423.0,43434.0,20148.0,884248.0,33.35536681388517,5.54301459578655
2010,2010-11,Neoplasms,1739904.0,1602588.0,850394.0,,,148543.0,696020.0,,,50451.0,576342.0,681855.0,429393.0,1122485.0,3529668.0,62.02097357095564,6.854401967005075
2010,2010-11,Blood and immune,290594.0,252591.0,133537.0,,,67559.0,89163.0,,,23767.0,105522.0,75284.0,85199.0,168182.0,396158.0,57.048789720365875,4.468291843603103
2010,2010-11,Endocrine and metabolic,289619.0,233035.0,143888.0,,,100666.0,67091.0,,,23961.0,131854.0,67997.0,65278.0,98730.0,838088.0,53.503596103846775,6.189891547170593
2010,2010-11,Mental health,237942.0,178474.0,128772.0,,,130633.0,13775.0,,,5552.0,160959.0,29917.0,41037.0,3266.0,7891583.0,48.893734607593444,43.63024812769498
2010,2010-11,Nervous system,385550.0,322725.0,178326.0,,,123262.0,134152.0,,,31001.0,194485.0,83001.0,76539.0,142523.0,1558976.0,52.42377901698872,9.218524445597199
2010,2010-11,Eye,591620.0,587599.0,254937.0,,,25236.0,502435.0,,,18979.0,92410.0,185243.0,294757.0,539188.0,92445.0,69.77340522632771,1.6441741320442174
2010,2010-11,Ear,89184.0,85659.0,46633.0,,,18673.0,63831.0,,,40495.0,31103.0,10775.0,6749.0,49205.0,61497.0,30.0,1.7
2010,2010-11,Circulatory,1371809.0,944114.0,767889.0,,,486564.0,345471.0,,,8411.0,353034.0,443256.0,565503.0,256706.0,5994707.0,68.23323144840134,7.763835271528326
2010,2010-11,Respiratory,1167197.0,799249.0,590963.0,,,625077.0,135923.0,,,220406.0,300788.0,254117.0,389740.0,79240.0,4486581.0,53.635062461606736,6.319731716239848
2010,2010-11,Digestive,2016862.0,1730780.0,985122.0,,,503023.0,1041904.0,,,142141.0,977904.0,498302.0,395248.0,1053186.0,3550897.0,52.620852591798545,4.675578696013907
2010,2010-11,Skin,351460.0,301351.0,178556.0,,,134051.0,144742.0,,,25963.0,175452.0,72078.0,77100.0,145978.0,915202.0,51.86623228816935,5.889563250441017
2010,2010-11,Musculoskeletal,1228310.0,1163780.0,521525.0,,,210064.0,760893.0,,,34117.0,585518.0,369520.0,237835.0,610457.0,2307922.0,56.89318738754874,4.253978718727357
2010,2010-11,Genitourinary,1098252.0,926967.0,441529.0,,,309898.0,511015.0,,,47178.0,527589.0,225632.0,283698.0,416209.0,2660330.0,55.4812374573413,5.057206724868244
2010,2010-11,Pregnancy and childbirth,1391755.0,1354242.0,17.0,,,147176.0,87851.0,,,957.0,1376520.0,7.0,2170.0,85478.0,1923266.0,29.055954532227297,1.4959322581919952
2010,2010-11,Perinatal,252313.0,211218.0,139695.0,,,39331.0,2351.0,,,251927.0,49.0,1.0,2.0,2845.0,1186691.0,0.0,5.565165488896727
2010,2010-11,Congenital,123929.0,111050.0,70854.0,,,10787.0,60483.0,,,92810.0,25952.0,3527.0,1550.0,43813.0,311425.0,11.975663484737229,4.5407112136788
2010,2010-11,Symptoms and signs,1987674.0,1693526.0,932749.0,,,1177644.0,395294.0,,,164594.0,837858.0,428785.0,552733.0,397333.0,6254573.0,54.98999634748958,5.213365370780118
2010,2010-11,Injury and poisoning,1164404.0,987927.0,584203.0,,,806221.0,123731.0,,,130875.0,535187.0,171495.0,324942.0,72773.0,5061015.0,50.60150686531479,5.737851982645199
2010,2010-11,Health services factors,1234375.0,1202218.0,543322.0,,,48774.0,239802.0,,,569568.0,410202.0,142837.0,109483.0,383961.0,1304924.0,26.626374481012657,1.955295918987342
2011,2011-12,Infectious and parasitic,261356.0,201423.0,137764.0,,,173791.0,16353.0,,,107209.0,63451.0,32542.0,46940.0,20041.0,900814.0,34.212185677772844,5.632656223694885
2011,2011-12,Neoplasms,1820659.0,1678472.0,894569.0,,,147338.0,722048.0,,,49701.0,585012.0,722419.0,460819.0,1199861.0,3391097.0,62.296640941549185,6.639091559704481
2011,2011-12,Blood and immune,301190.0,261225.0,140008.0,,,68395.0,91864.0,,,25587.0,109646.0,77147.0,87926.0,176641.0,387332.0,57.008974401540556,4.326293701650121
2011,2011-12,Endocrine and metabolic,295428.0,235843.0,146478.0,,,101464.0,65276.0,,,24315.0,134146.0,69087.0,66835.0,100063.0,833830.0,53.639357136087305,6.023214116468311
2011,2011-12,Mental health,241853.0,180591.0,130730.0,,,131980.0,13757.0,,,5975.0,161518.0,30420.0,43150.0,3874.0,6882934.0,49.40557694136521,39.441296572711515
2011,2011-12,Nervous system,390755.0,327598.0,180936.0,,,122110.0,134606.0,,,32671.0,200304.0,83066.0,74066.0,148856.0,1524108.0,51.78684853680695,9.144512546224616
2011,2011-12,Eye,587383.0,583131.0,255305.0,,,23642.0,499093.0,,,18797.0,89157.0,183509.0,295632.0,538972.0,81553.0,70.0614709652816,1.6481828721634777
2011,2011-12,Ear,86991.0,83291.0,44796.0,,,17635.0,62094.0,,,37792.0,30813.0,11086.0,7222.0,48976.0,58959.0,31.0,1.6999999999999997
2011,2011-12,Circulatory,1381635.0,949588.0,779921.0,,,491614.0,348825.0,,,8669.0,350956.0,444076.0,575932.0,266017.0,5773918.0,68.296413307422,7.415418109703359
2011,2011-12,Respiratory,1160282.0,782432.0,590727.0,,,607101.0,136967.0,,,210665.0,277505.0,255185.0,414701.0,85355.0,4373601.0,55.14060892093474,6.410540196262633
2011,2011-12,Digestive,2120480.0,1818083.0,1036417.0,,,514734.0,1107758.0,,,145101.0,1024174.0,529858.0,417304.0,1131726.0,3544463.0,53.02460244850223,4.615838489398627
2011,2011-12,Skin,339515.0,288253.0,172494.0,,,133729.0,131864.0,,,25902.0,167033.0,69769.0,75839.0,134240.0,876514.0,51.880270385697244,5.886523717656067
2011,2011-12,Musculoskeletal,1247888.0,1180870.0,526802.0,,,201409.0,777133.0,,,34627.0,591346.0,377583.0,242783.0,639924.0,2213763.0,57.13032339440719,4.122979305835139
2011,2011-12,Genitourinary,1092648.0,908601.0,442154.0,,,319275.0,498194.0,,,46670.0,503734.0,226621.0,293882.0,403522.0,2634441.0,56.0981487176108,4.9222044976973365
2011,2011-12,Pregnancy and childbirth,1376214.0,1338056.0,23.0,,,145018.0,84073.0,,,812.0,1358632.0,6.0,2532.0,81755.0,1914340.0,29.056786226560696,1.4938108462782678
2011,2011-12,Perinatal,263456.0,221280.0,145225.0,,,39949.0,2562.0,,,263037.0,44.0,0.0,1.0,3121.0,1231467.0,0.0,5.584797461435685
2011,2011-12,Congenital,124165.0,111140.0,71728.0,,,10447.0,62765.0,,,92786.0,26057.0,3592.0,1585.0,47445.0,279622.0,11.974775500342286,4.283240848870455
2011,2011-12,Symptoms and signs,1952627.0,1665409.0,918536.0,,,1144404.0,408004.0,,,154294.0,825777.0,424111.0,544498.0,411170.0,5492930.0,55.388822852495636,4.234787903680529
2011,2011-12,Injury and poisoning,1183217.0,997873.0,593806.0,,,804423.0,133949.0,,,136062.0,533043.0,173658.0,338432.0,81186.0,4981000.0,51.1937446808151,5.622642169610477
2011,2011-12,Health services factors,1237683.0,1206237.0,546201.0,,,44381.0,244546.0,,,569472.0,406138.0,150955.0,108282.0,401362.0,1254899.0,26.979442231977007,2.1552611613797716
2012,2012-13,Infectious and parasitic,449954.0,351569.0,223211.0,226736.0,7.0,282611.0,53437.0,11942.0,3579.0,151799.0,129888.0,66785.0,90715.0,58224.0,1240488.0,39.432479764598156,4.651465927628157
2012,2012-13,Neoplasms,1850657.0,1708851.0,912786.0,937814.0,57.0,141833.0,736547.0,819879.0,10592.0,51425.0,583012.0,738210.0,474247.0,1242428.0,3272786.0,62.465967491544895,6.635834409077425
2012,2012-13,Blood and immune,312792.0,275354.0,146641.0,166149.0,2.0,66447.0,100209.0,107694.0,1004.0,25098.0,116225.0,78869.0,91639.0,194238.0,334468.0,57.28555397836262,3.997414256119082
2012,2012-13,Endocrine and metabolic,294761.0,231924.0,145008.0,149743.0,10.0,104314.0,56658.0,68762.0,2190.0,25297.0,133344.0,66780.0,68094.0,94946.0,816720.0,53.29627393040463,5.930409382516682
2012,2012-13,Mental health,247108.0,179165.0,132678.0,114317.0,113.0,134276.0,13243.0,23512.0,8134.0,5511.0,160556.0,31788.0,48518.0,3661.0,7216219.0,50.469268497984686,40.81109352995451
2012,2012-13,Nervous system,395677.0,330747.0,182467.0,213177.0,33.0,121272.0,135846.0,67929.0,5700.0,33087.0,204769.0,82648.0,74469.0,154400.0,1467066.0,51.624928919295286,9.134672978212027
2012,2012-13,Eye,614378.0,608711.0,271136.0,342790.0,452.0,25314.0,523225.0,59566.0,606.0,19554.0,98304.0,194114.0,302070.0,564710.0,84062.0,69.19582732454613,1.701657123139175
2012,2012-13,Ear,87348.0,83399.0,45071.0,42264.0,13.0,18205.0,62679.0,2261.0,254.0,38745.0,29694.0,11084.0,7753.0,49961.0,59000.0,31.0,1.7000000000000002
2012,2012-13,Circulatory,1374131.0,937963.0,777888.0,596206.0,37.0,498497.0,343483.0,46525.0,49458.0,8999.0,348932.0,436256.0,578005.0,260525.0,5673915.0,68.67521582731196,7.389566351388624
2012,2012-13,Respiratory,1289782.0,856021.0,647788.0,641950.0,44.0,677856.0,138263.0,26708.0,13194.0,227509.0,305303.0,278709.0,475691.0,93120.0,4803743.0,55.82781663878082,6.360635518250372
2012,2012-13,Digestive,2050391.0,1768260.0,1014396.0,1035779.0,216.0,456395.0,1119934.0,184633.0,7298.0,127288.0,1002342.0,521069.0,396046.0,1150716.0,3277608.0,53.46247471823667,4.741101770345266
2012,2012-13,Skin,337611.0,284389.0,172648.0,164944.0,19.0,135478.0,127824.0,18542.0,2545.0,25912.0,163039.0,69526.0,78206.0,130548.0,858527.0,52.687847848559436,5.614623042495653
2012,2012-13,Musculoskeletal,1256126.0,1187649.0,527413.0,728261.0,452.0,202179.0,786177.0,192207.0,7086.0,36856.0,595126.0,377446.0,245145.0,658463.0,2154735.0,57.00413413940958,4.0935227039325675
2012,2012-13,Genitourinary,1123303.0,917779.0,462223.0,660982.0,98.0,341480.0,479707.0,87954.0,8638.0,48527.0,495134.0,233466.0,318396.0,388973.0,2767721.0,56.870821140867605,5.039901433540193
2012,2012-13,Pregnancy and childbirth,1336899.0,1297090.0,15.0,1336879.0,5.0,132790.0,77951.0,16041.0,1070308.0,728.0,1316921.0,9.0,1182.0,74739.0,1895688.0,29.053560515790647,1.501028349935186
2012,2012-13,Perinatal,274449.0,228751.0,151550.0,122812.0,87.0,42244.0,2382.0,1947.0,182178.0,273965.0,43.0,1.0,1.0,2860.0,1229936.0,0.0,5.291047517025021
2012,2012-13,Congenital,120161.0,106949.0,69644.0,50475.0,42.0,10399.0,61606.0,19701.0,15243.0,89725.0,25133.0,3500.0,1608.0,47294.0,276163.0,11.963723670741755,4.660460548763742
2012,2012-13,Symptoms and signs,1949090.0,1658750.0,912118.0,1036900.0,72.0,1138627.0,411381.0,74521.0,34221.0,157792.0,821381.0,420367.0,545370.0,412815.0,4857454.0,55.168224658686874,3.8902408303362086
2012,2012-13,Injury and poisoning,1156850.0,968209.0,571165.0,585633.0,52.0,766696.0,143300.0,30961.0,27252.0,123757.0,512128.0,175933.0,342957.0,90090.0,4850859.0,52.3263672904871,5.715254354497126
2012,2012-13,Health services factors,1193569.0,1164101.0,522911.0,670583.0,75.0,39129.0,244074.0,222077.0,658821.0,557417.0,392672.0,142580.0,96294.0,389079.0,1077220.0,26.42030917357941,1.6553429252938037
2012,2012-13,Special purpose codes,9.0,2.0,4.0,5.0,0.0,1.0,0.0,0.0,1.0,4.0,1.0,1.0,3.0,0.0,159.0,42.44444444444444,24.311111111111114
2013,2013-14,Infectious and parasitic,436450.0,332128.0,213460.0,222968.0,22.0,265891.0,51389.0,11473.0,3375.0,130460.0,130476.0,70388.0,94807.0,55660.0,1231311.0,42.28554725560247,4.895640737770649
2013,2013-14,Neoplasms,1933696.0,1784468.0,949389.0,984143.0,164.0,137764.0,783260.0,853115.0,10329.0,52950.0,601051.0,767946.0,506012.0,1316565.0,3188616.0,62.687055772986035,6.505088028314687
2013,2013-14,Blood and immune,328837.0,291021.0,153980.0,174840.0,17.0,64057.0,108512.0,117430.0,1022.0,25820.0,122468.0,82935.0,95772.0,211521.0,316986.0,57.46898919525479,3.8518606482847124
2013,2013-14,Endocrine and metabolic,307723.0,239665.0,151104.0,156598.0,21.0,108738.0,55353.0,73338.0,2236.0,25018.0,136202.0,71321.0,73649.0,98232.0,817527.0,54.099414083445176,5.720374817611943
2013,2013-14,Mental health,252584.0,178171.0,136957.0,115507.0,120.0,136943.0,13076.0,20585.0,7567.0,5285.0,164667.0,32492.0,49258.0,4166.0,6717923.0,50.230853894150066,39.37029898964305
2013,2013-14,Nervous system,417112.0,348655.0,191210.0,225870.0,32.0,122979.0,142549.0,77805.0,5322.0,34772.0,220209.0,85220.0,75829.0,168378.0,1443224.0,51.15268321218282,8.86946767295115
2013,2013-14,Eye,658394.0,651171.0,292157.0,366026.0,211.0,25610.0,562949.0,61875.0,737.0,19895.0,105035.0,210869.0,322166.0,601920.0,80651.0,69.96132103269471,1.1363343226092582
2013,2013-14,Ear,89091.0,84701.0,45603.0,43483.0,5.0,18786.0,63137.0,2539.0,239.0,37819.0,31014.0,11929.0,8231.0,51540.0,59788.0,32.0,1.8000000000000003
2013,2013-14,Circulatory,1401307.0,952305.0,793952.0,607280.0,75.0,507245.0,350579.0,48190.0,46291.0,9760.0,358584.0,443593.0,587011.0,265866.0,5702589.0,68.36995676179453,7.317489172608144
2013,2013-14,Respiratory,1300344.0,852349.0,657864.0,642393.0,87.0,665257.0,145436.0,29116.0,12540.0,226385.0,308247.0,287370.0,475756.0,103866.0,4740354.0,55.82470561635998,6.398042287271676
2013,2013-14,Digestive,2142891.0,1842172.0,1054285.0,1088387.0,219.0,474850.0,1157596.0,202729.0,6997.0,131367.0,1048949.0,542140.0,414706.0,1199930.0,3378364.0,53.31824063846458,4.691816662630063
2013,2013-14,Skin,359419.0,300944.0,184965.0,174410.0,44.0,144744.0,132598.0,20276.0,3326.0,27320.0,171135.0,75084.0,84023.0,136866.0,893375.0,52.76584988550967,5.53550146208186
2013,2013-14,Musculoskeletal,1336295.0,1260957.0,556083.0,779920.0,292.0,211728.0,834840.0,207585.0,6804.0,37767.0,627857.0,404882.0,263143.0,697258.0,2167725.0,57.18881160222855,3.8544191215263095
2013,2013-14,Genitourinary,1149910.0,929596.0,479833.0,669984.0,93.0,358240.0,471044.0,91844.0,8468.0,50577.0,499399.0,241054.0,329485.0,380028.0,2819272.0,57.06631736396761,4.956257881051561
2013,2013-14,Pregnancy and childbirth,1301125.0,1261040.0,15.0,1301098.0,12.0,127827.0,79996.0,19517.0,1033700.0,616.0,1281845.0,17.0,989.0,79710.0,1850071.0,29.1074516283985,1.5017803055048518
2013,2013-14,Perinatal,282453.0,234380.0,155299.0,127068.0,86.0,43343.0,3021.0,1859.0,186157.0,281985.0,39.0,2.0,1.0,3101.0,1233401.0,0.0,5.191963972767151
2013,2013-14,Congenital,123249.0,109341.0,71336.0,51872.0,41.0,10028.0,63317.0,20619.0,15377.0,91891.0,25664.0,3631.0,1743.0,50169.0,280710.0,11.976794943569521,4.6881792144358165
2013,2013-14,Symptoms and signs,1980340.0,1681725.0,920782.0,1059370.0,188.0,1152875.0,411430.0,82153.0,35267.0,161509.0,841231.0,423707.0,548281.0,416521.0,4874404.0,55.075383520001616,3.915942211943403
2013,2013-14,Injury and poisoning,1211513.0,1005907.0,596575.0,614801.0,137.0,799015.0,146907.0,33020.0,26965.0,134046.0,530070.0,182967.0,362120.0,96384.0,4894327.0,52.317766297183766,5.54875077692109
2013,2013-14,Health services factors,1150356.0,1121355.0,506019.0,644267.0,70.0,39538.0,244264.0,216739.0,620814.0,527663.0,383048.0,142972.0,91317.0,383787.0,960206.0,27.083909676656617,1.555870008936364
2013,2013-14,Special purpose codes,12.0,6.0,8.0,4.0,0.0,4.0,0.0,0.0,2.0,0.0,7.0,3.0,2.0,0.0,204.0,53.833333333333336,20.833333333333332
2014,2014-15,Infectious and parasitic,465599.0,351645.0,227770.0,237807.0,22.0,284102.0,52650.0,11479.0,3414.0,138168.0,135721.0,76392.0,104991.0,57094.0,1312264.0,43.04730196374819,4.910515486502334
2014,2014-15,Neoplasms,2000735.0,1846993.0,981108.0,1019546.0,81.0,142492.0,835572.0,857936.0,10993.0,54991.0,613134.0,795334.0,532747.0,1359018.0,3171742.0,62.86254151599287,6.1330938380145295
2014,2014-15,Blood and immune,346183.0,308119.0,162255.0,183917.0,11.0,65770.0,117573.0,123764.0,1012.0,26486.0,127887.0,88518.0,101968.0,224376.0,315672.0,57.57813064188594,3.645312161486844
2014,2014-15,Endocrine and metabolic,320094.0,247241.0,157228.0,162844.0,22.0,114401.0,57323.0,73223.0,2294.0,24808.0,139488.0,75662.0,78658.0,99824.0,837880.0,54.855130055546184,5.6018338363105835
2014,2014-15,Mental health,255973.0,179305.0,138066.0,117678.0,229.0,139434.0,12966.0,18836.0,8069.0,5199.0,163741.0,32989.0,53040.0,4295.0,6342658.0,50.93818098002524,35.87238732210039
2014,2014-15,Nervous system,438334.0,366920.0,199501.0,238804.0,29.0,127504.0,150097.0,84034.0,5285.0,36150.0,230747.0,89427.0,80975.0,181882.0,1494043.0,51.08237325874789,8.76073222702323
2014,2014-15,Eye,717078.0,708728.0,319658.0,397371.0,49.0,26858.0,609557.0,71664.0,649.0,19736.0,111776.0,231617.0,353448.0,659445.0,85451.0,69.97378248949208,1.1524754629203517
2014,2014-15,Ear,87211.0,82720.0,44422.0,42786.0,3.0,20433.0,59954.0,2118.0,215.0,37087.0,30741.0,11335.0,7964.0,48526.0,61287.0,32.0,1.8000000000000003
2014,2014-15,Circulatory,1423373.0,969783.0,804412.0,618907.0,54.0,517691.0,364422.0,44996.0,42674.0,10189.0,363466.0,445678.0,601257.0,279026.0,5622742.0,68.60696107063995,7.177632848171211
2014,2014-15,Respiratory,1460221.0,941282.0,726653.0,733534.0,34.0,748834.0,150326.0,29578.0,12544.0,235721.0,336770.0,321193.0,563045.0,112482.0,5206818.0,57.48275089866534,6.367945810942316
2014,2014-15,Digestive,2232537.0,1928475.0,1091420.0,1140928.0,189.0,491775.0,1232240.0,197997.0,6463.0,134098.0,1096859.0,566992.0,429707.0,1272228.0,3397888.0,53.478699793105335,4.633355460626184
2014,2014-15,Skin,378853.0,316390.0,195418.0,183415.0,20.0,154567.0,138182.0,20460.0,3181.0,28431.0,179330.0,78869.0,90874.0,141843.0,902683.0,52.8068960784262,5.183593108672756
2014,2014-15,Musculoskeletal,1401022.0,1321636.0,579405.0,821464.0,153.0,224061.0,907253.0,183746.0,6576.0,38291.0,652813.0,425974.0,281505.0,735399.0,2159396.0,57.73530893876042,3.7107600737176147
2014,2014-15,Genitourinary,1162786.0,927913.0,489529.0,673175.0,82.0,379110.0,459685.0,80705.0,8413.0,51627.0,495081.0,241378.0,346624.0,364488.0,2895677.0,57.5972268327964,4.930942323006985
2014,2014-15,Pregnancy and childbirth,1288260.0,1247770.0,25.0,1288223.0,12.0,127036.0,74734.0,19367.0,1026633.0,510.0,1265813.0,11.0,12.0,74613.0,1839888.0,29.0,1.5026089453992206
2014,2014-15,Perinatal,293938.0,243590.0,161261.0,132533.0,144.0,45317.0,2825.0,2310.0,193138.0,293313.0,49.0,2.0,2.0,3346.0,1243617.0,0.0,5.091783981655995
2014,2014-15,Congenital,121235.0,107143.0,70230.0,50961.0,44.0,10066.0,63234.0,19003.0,14840.0,89733.0,25837.0,3605.0,1758.0,49668.0,266831.0,11.953346805790407,4.551318513630552
2014,2014-15,Symptoms and signs,1986747.0,1690942.0,911781.0,1074007.0,959.0,1152464.0,420507.0,79784.0,38187.0,164687.0,837836.0,419722.0,556025.0,422723.0,5172577.0,55.15213009004166,3.7954934372620173
2014,2014-15,Injury and poisoning,1227496.0,1012886.0,601354.0,626046.0,96.0,803159.0,152398.0,31895.0,25434.0,134007.0,524009.0,188198.0,378616.0,101402.0,4905586.0,52.97010255023234,5.543609999543786
2014,2014-15,Health services factors,1124288.0,1092968.0,497856.0,626308.0,124.0,40626.0,257759.0,201669.0,592914.0,513604.0,375769.0,140036.0,89392.0,381395.0,948227.0,27.569069491091252,1.5468202097683157
2014,2014-15,Special purpose codes,24.0,8.0,21.0,3.0,0.0,7.0,0.0,0.0,1.0,3.0,1.0,18.0,2.0,0.0,157.0,61.5,20.075
2015,2015-16,Infectious and parasitic,501116.0,373369.0,247435.0,253661.0,20.0,306087.0,52237.0,11857.0,3188.0,148464.0,142060.0,84581.0,115196.0,57114.0,1398890.0,43.483528129148766,4.965641220050511
2015,2015-16,Neoplasms,2091439.0,1928992.0,1029149.0,1062225.0,65.0,140705.0,888458.0,890210.0,9619.0,58555.0,639558.0,835446.0,552100.0,1457734.0,3127628.0,63.00026590429525,6.248248332519914
2015,2015-16,Blood and immune,373189.0,332820.0,173317.0,199862.0,10.0,69175.0,131707.0,130923.0,1015.0,28331.0,137986.0,96699.0,108475.0,246450.0,320327.0,57.487055508950576,3.6245276411493155
2015,2015-16,Endocrine and metabolic,341405.0,261045.0,167758.0,173632.0,15.0,120662.0,59975.0,78190.0,2218.0,25206.0,149713.0,80852.0,84049.0,107275.0,863268.0,55.00040367814089,5.48678983116809
2015,2015-16,Mental health,256888.0,176981.0,137379.0,119249.0,260.0,142234.0,10765.0,16149.0,7833.0,5154.0,160822.0,33468.0,55839.0,4484.0,5842941.0,51.49388057260626,34.52920297549298
2015,2015-16,Nervous system,447179.0,371092.0,202795.0,244359.0,25.0,129705.0,150762.0,85722.0,4903.0,38233.0,234723.0,90844.0,81959.0,186018.0,1474311.0,51.16261559107092,8.737807666509054
2015,2015-16,Eye,725451.0,716522.0,323078.0,402335.0,38.0,27693.0,600553.0,87616.0,660.0,19976.0,112117.0,235826.0,356794.0,673663.0,83213.0,69.8952261271233,1.6721593048237857
2015,2015-16,Ear,87239.0,82101.0,44281.0,42955.0,3.0,22368.0,57507.0,1980.0,246.0,36592.0,30588.0,11459.0,8502.0,48025.0,63201.0,32.786668812614,1.826991742914528
2015,2015-16,Circulatory,1480394.0,1001933.0,838567.0,641753.0,74.0,535875.0,376192.0,48699.0,41167.0,10772.0,379477.0,465028.0,621668.0,301094.0,5603500.0,68.49555184605555,7.028050167523786
2015,2015-16,Respiratory,1533160.0,984550.0,768912.0,764172.0,76.0,791063.0,149450.0,32421.0,11616.0,257674.0,366072.0,340820.0,564003.0,120446.0,5154009.0,56.415832240603685,6.085256993588038
2015,2015-16,Digestive,2354531.0,2033936.0,1152768.0,1201541.0,222.0,508708.0,1300948.0,218151.0,6129.0,132890.0,1165842.0,603038.0,446540.0,1375444.0,3411408.0,53.710498567052525,4.63292087259619
2015,2015-16,Skin,398640.0,329776.0,206184.0,192422.0,34.0,164045.0,141887.0,20937.0,2907.0,28971.0,187153.0,83977.0,96829.0,147832.0,906093.0,53.626813910814775,4.961431984918879
2015,2015-16,Musculoskeletal,1420393.0,1331909.0,586535.0,833695.0,163.0,239847.0,905617.0,179895.0,6550.0,39504.0,650968.0,430943.0,296421.0,762747.0,2245361.0,57.98438663445125,3.906879019991856
2015,2015-16,Genitourinary,1177776.0,928322.0,498680.0,679034.0,62.0,392798.0,456625.0,71276.0,7623.0,52146.0,498209.0,246397.0,352916.0,362743.0,2892621.0,57.73590578000949,4.9238954128206345
2015,2015-16,Pregnancy and childbirth,1310939.0,1270286.0,30.0,1310897.0,12.0,128777.0,74026.0,20913.0,1046570.0,471.0,1288401.0,12.0,11.0,74437.0,1885220.0,29.24698601252699,1.5385553658093902
2015,2015-16,Perinatal,305651.0,257023.0,167352.0,138208.0,91.0,48050.0,3130.0,2743.0,203100.0,304791.0,180.0,0.0,1.0,3792.0,1280963.0,0.04050477110926246,4.968783574841274
2015,2015-16,Congenital,119345.0,105436.0,68728.0,50593.0,24.0,10390.0,62386.0,18180.0,14480.0,87943.0,25671.0,3564.0,1758.0,48893.0,255676.0,12.359512841409943,4.447525739379727
2015,2015-16,Symptoms and signs,1983256.0,1687636.0,908717.0,1073438.0,1101.0,1149783.0,417306.0,79826.0,40721.0,164098.0,846173.0,418551.0,545781.0,425316.0,4745322.0,54.934192014472316,3.709861965670335
2015,2015-16,Injury and poisoning,1240116.0,1015354.0,608721.0,631263.0,132.0,798070.0,158353.0,35611.0,23320.0,131427.0,531399.0,194102.0,379610.0,111633.0,4813612.0,53.09432266392469,5.443739342079614
2015,2015-16,Health services factors,1091488.0,1062749.0,480339.0,611097.0,52.0,38723.0,257863.0,177169.0,588994.0,510588.0,372662.0,122678.0,80287.0,371841.0,926473.0,26.720246201955266,1.6561132225953816
2015,2015-16,Special purpose codes,13.0,9.0,5.0,8.0,0.0,7.0,0.0,0.0,2.0,3.0,4.0,5.0,1.0,0.0,141.0,46.09615384615385,13.47008547008547
2016,2016-17,Infectious and parasitic,551492.0,402691.0,274405.0,277059.0,28.0,334413.0,52833.0,12272.0,3173.0,163556.0,151440.0,93104.0,129900.0,57946.0,1518461.0,43.91794684778927,5.014026638817885
2016,2016-17,Neoplasms,2172606.0,2000683.0,1077872.0,1094636.0,98.0,142230.0,912725.0,937372.0,8356.0,59537.0,657291.0,865166.0,570697.0,1542557.0,3108592.0,63.181246303167384,6.409454279145869
2016,2016-17,Blood and immune,398963.0,357557.0,186204.0,212750.0,9.0,72289.0,144014.0,140053.0,1201.0,30017.0,146934.0,102543.0,115961.0,269114.0,318624.0,57.547692590570364,3.5283838744064555
2016,2016-17,Endocrine and metabolic,365194.0,277745.0,178856.0,186322.0,16.0,126683.0,62628.0,86184.0,2250.0,26483.0,158868.0,88219.0,88721.0,116338.0,898859.0,55.22602134460652,5.460588062912783
2016,2016-17,Mental health,253117.0,169349.0,134642.0,118144.0,331.0,136393.0,10328.0,16290.0,6338.0,5172.0,152969.0,33496.0,58221.0,5177.0,5748073.0,52.40823528056614,34.982649884882875
2016,2016-17,Nervous system,452222.0,373264.0,204516.0,247691.0,15.0,127268.0,153278.0,87858.0,4860.0,37891.0,237256.0,92496.0,81798.0,191422.0,1476122.0,51.25727696392717,8.978318826550973
2016,2016-17,Eye,721968.0,713364.0,323075.0,398811.0,82.0,28866.0,612436.0,69646.0,2416.0,20374.0,111534.0,237773.0,349657.0,667840.0,80272.0,69.78772445135937,1.5740073335273814
2016,2016-17,Ear,89391.0,83700.0,45156.0,44230.0,5.0,24073.0,57133.0,2276.0,218.0,36673.0,31506.0,11724.0,9154.0,48177.0,67473.0,33.24571667583675,1.8757314238384055
2016,2016-17,Circulatory,1418858.0,925622.0,811101.0,607701.0,56.0,541330.0,298226.0,48942.0,37124.0,10792.0,322506.0,453474.0,619176.0,230795.0,5515601.0,69.59831180008337,7.221591000413586
2016,2016-17,Respiratory,1651731.0,1035760.0,816983.0,834702.0,46.0,840118.0,153438.0,31543.0,10661.0,254481.0,378396.0,366671.0,638769.0,125401.0,5519991.0,57.96226539318292,6.167529093096516
2016,2016-17,Digestive,2483473.0,2147874.0,1226652.0,1256672.0,149.0,520928.0,1376517.0,244440.0,5989.0,134559.0,1248197.0,625061.0,461403.0,1474783.0,3401593.0,53.68487199167873,4.564989835908408
2016,2016-17,Skin,421524.0,347124.0,217418.0,204086.0,20.0,172446.0,149936.0,22134.0,2608.0,29280.0,196564.0,89620.0,103467.0,157044.0,915233.0,54.057278580778075,4.799842304850632
2016,2016-17,Musculoskeletal,1450745.0,1357801.0,594237.0,856362.0,146.0,248426.0,922398.0,181046.0,5931.0,41160.0,649885.0,444722.0,308153.0,775831.0,2272619.0,58.35413770346868,3.859672412624523
2016,2016-17,Genitourinary,1208918.0,943901.0,516800.0,692074.0,44.0,408829.0,459379.0,68670.0,7023.0,52085.0,505320.0,256796.0,364122.0,363894.0,2888030.0,58.10265259009879,4.757860086121976
2016,2016-17,Pregnancy and childbirth,1288415.0,1245431.0,17.0,1288380.0,18.0,129123.0,72796.0,17179.0,1026333.0,372.0,1258892.0,8.0,4.0,70796.0,1852112.0,29.403640777007883,1.5397694790955336
2016,2016-17,Perinatal,314395.0,265640.0,171889.0,142398.0,108.0,50102.0,3570.0,2175.0,209793.0,313381.0,50.0,0.0,4.0,3695.0,1300685.0,0.028869696950950822,4.8891503915937955
2016,2016-17,Congenital,121225.0,106562.0,69526.0,51673.0,26.0,10207.0,61712.0,20708.0,13935.0,88651.0,26366.0,3813.0,1711.0,50311.0,268937.0,12.683057073098995,4.658419951253421
2016,2016-17,Symptoms and signs,2017948.0,1716025.0,917438.0,1099698.0,812.0,1137607.0,456816.0,80376.0,41226.0,166304.0,855193.0,427908.0,552655.0,469367.0,4748134.0,55.04377868459343,3.5298296451008455
2016,2016-17,Injury and poisoning,1249291.0,1012185.0,615607.0,633591.0,93.0,792228.0,163571.0,36334.0,20052.0,131231.0,529933.0,198977.0,380259.0,118956.0,4826753.0,53.298377334869876,5.527456736542575
2016,2016-17,Health services factors,1095421.0,1064384.0,483705.0,611657.0,59.0,39671.0,270987.0,175867.0,577859.0,501467.0,387183.0,121227.0,78872.0,387019.0,887995.0,27.326693037030182,1.6040393378269113
2016,2016-17,Special purpose codes,10.0,5.0,2.0,8.0,,4.0,1.0,,,3.0,3.0,4.0,0.0,1.0,29.0,39.4625,5.25
2017,2017-18,Infectious and parasitic,809605.0,511062.0,409078.0,400503.0,24.0,443873.0,50892.0,12379.0,3918.0,155169.0,195487.0,160532.0,277286.0,54850.0,2926037.0,54.11726061995237,7.016077112820229
2017,2017-18,Neoplasms,2200227.0,2025928.0,1088228.0,1111898.0,101.0,140991.0,911140.0,966286.0,7511.0,60843.0,662541.0,876643.0,580999.0,1577421.0,2979642.0,63.30246587089276,6.282624441370653
2017,2017-18,Blood and immune,409995.0,367394.0,191246.0,218736.0,13.0,75214.0,143478.0,147779.0,923.0,29858.0,151731.0,104005.0,117739.0,276932.0,312618.0,57.5968867578838,3.3687492272887174
2017,2017-18,Endocrine and metabolic,386377.0,290532.0,191225.0,195131.0,21.0,134706.0,63578.0,90437.0,1811.0,26319.0,164972.0,95510.0,94720.0,123029.0,882572.0,55.7798677738019,5.133712191597429
2017,2017-18,Mental health,260290.0,169968.0,139000.0,120872.0,418.0,137986.0,11850.0,14484.0,5648.0,5575.0,152269.0,35198.0,61712.0,6748.0,5409867.0,52.80886803994763,33.207511343511484
2017,2017-18,Nervous system,457729.0,373243.0,208462.0,249240.0,27.0,128769.0,150007.0,90331.0,4136.0,39381.0,236082.0,94477.0,83425.0,189844.0,1384669.0,51.3041228278732,8.502096883390685
2017,2017-18,Eye,700826.0,689998.0,314084.0,386696.0,46.0,30242.0,590723.0,68593.0,440.0,20137.0,109217.0,233191.0,335085.0,648693.0,79741.0,69.65321766574942,1.7759056552122163
2017,2017-18,Ear,91066.0,84526.0,45850.0,45211.0,5.0,26626.0,55086.0,2610.0,204.0,35464.0,32381.0,12523.0,10344.0,47288.0,69496.0,34.73294432930582,1.8316744361849566
2017,2017-18,Circulatory,1448899.0,932154.0,831328.0,617528.0,43.0,556544.0,289242.0,50230.0,36138.0,11359.0,325712.0,460719.0,637634.0,231219.0,5424161.0,69.70651967938214,7.061407464603547
2017,2017-18,Respiratory,1699121.0,1061348.0,835741.0,863314.0,66.0,867886.0,150391.0,34137.0,8934.0,260557.0,390489.0,377602.0,651000.0,130563.0,5177488.0,57.93270999743356,5.685747930008252
2017,2017-18,Digestive,2475744.0,2145872.0,1224378.0,1251188.0,178.0,525133.0,1362966.0,253055.0,4718.0,133342.0,1246685.0,618915.0,450400.0,1484139.0,3181841.0,53.65249847947478,4.427930273345654
2017,2017-18,Skin,419596.0,344522.0,216485.0,203089.0,22.0,177799.0,143330.0,21134.0,2259.0,28966.0,193494.0,88763.0,102831.0,150943.0,838923.0,54.10334788549007,4.338152564330232
2017,2017-18,Musculoskeletal,1408661.0,1308276.0,574297.0,834242.0,122.0,265562.0,864443.0,173372.0,4899.0,41814.0,615727.0,432214.0,311291.0,736251.0,2169968.0,58.727652968339044,3.7396650121144104
2017,2017-18,Genitourinary,1125993.0,894772.0,476981.0,648954.0,58.0,377179.0,441044.0,71078.0,5471.0,50595.0,489731.0,237568.0,315940.0,359168.0,2319745.0,57.083943095198265,4.199474266243736
2017,2017-18,Pregnancy and childbirth,1280378.0,1232986.0,3.0,1280359.0,11.0,130010.0,69063.0,18994.0,1014919.0,282.0,1242326.0,6.0,4.0,67129.0,1841392.0,29.495438158641456,1.542312241299085
2017,2017-18,Perinatal,307048.0,260568.0,168660.0,138273.0,115.0,49715.0,2997.0,1975.0,205881.0,304505.0,59.0,2.0,3.0,3425.0,1271256.0,0.028420161338716173,4.857379211014021
2017,2017-18,Congenital,117838.0,103857.0,67833.0,49986.0,19.0,10234.0,60532.0,19179.0,13912.0,85867.0,25332.0,3904.0,1777.0,49041.0,260380.0,12.738459283475516,4.70692912674068
2017,2017-18,Symptoms and signs,2068227.0,1748340.0,939746.0,1127826.0,655.0,1173071.0,456028.0,82911.0,36330.0,171225.0,874750.0,435744.0,569117.0,472046.0,4673156.0,55.08575550370484,3.6072582569464497
2017,2017-18,Injury and poisoning,1284043.0,1027937.0,632147.0,651807.0,89.0,808251.0,163032.0,38773.0,17881.0,127765.0,538144.0,208452.0,399709.0,125231.0,4710833.0,53.97526798188917,5.3262250889915626
2017,2017-18,Health services factors,1079191.0,1049648.0,476165.0,602968.0,58.0,40511.0,276339.0,170049.0,562749.0,491358.0,388045.0,115672.0,74821.0,391664.0,824148.0,27.436858555214553,1.581512772032959
2017,2017-18,Special purpose codes,13.0,7.0,11.0,2.0,0.0,7.0,0.0,0.0,0.0,2.0,4.0,5.0,2.0,0.0,87.0,57.0,12.714285714285714
2018,2018-19,Infectious and parasitic,736619.0,481037.0,375168.0,361427.0,24.0,416217.0,49478.0,11829.0,3513.0,168174.0,188069.0,144237.0,222945.0,53486.0,2356418.0,50.61191450819442,6.202752959401763
2018,2018-19,Neoplasms,2272795.0,2089990.0,1130886.0,1141779.0,130.0,141739.0,954437.0,987262.0,6552.0,57033.0,689074.0,906135.0,608600.0,1640453.0,2939378.0,63.521167461009455,6.127581013099709
2018,2018-19,Blood and immune,440953.0,394045.0,206152.0,234791.0,10.0,81625.0,156628.0,154886.0,906.0,29693.0,163238.0,115522.0,129585.0,298728.0,325473.0,58.13915461095377,3.3310607161431394
2018,2018-19,Endocrine and metabolic,416718.0,309946.0,205739.0,210962.0,17.0,144607.0,67231.0,96216.0,1892.0,27498.0,178706.0,104786.0,102924.0,131646.0,934612.0,56.04159163770358,5.065126477874232
2018,2018-19,Mental health,275286.0,175879.0,145358.0,129455.0,473.0,145554.0,11198.0,13753.0,5374.0,5964.0,158854.0,37725.0,69051.0,7079.0,4767360.0,53.496019234407754,27.26361011682942
2018,2018-19,Nervous system,466886.0,376551.0,212618.0,254245.0,23.0,134687.0,148886.0,88803.0,4175.0,41862.0,240256.0,97076.0,85326.0,187645.0,1351249.0,51.11216911442164,8.180581530766522
2018,2018-19,Eye,734584.0,722439.0,329362.0,405114.0,108.0,31775.0,602081.0,88085.0,498.0,19716.0,112585.0,245591.0,353868.0,681153.0,75062.0,69.93356542090216,1.3757017175559083
2018,2018-19,Ear,91733.0,84407.0,45429.0,46297.0,7.0,29714.0,52226.0,2253.0,214.0,33685.0,33691.0,13117.0,11036.0,45390.0,71138.0,35.95388664794755,1.7964360135086586
2018,2018-19,Circulatory,1500845.0,947224.0,863302.0,637486.0,57.0,573573.0,289403.0,47730.0,36518.0,12164.0,339901.0,480010.0,662307.0,233616.0,5351687.0,69.6764818032729,6.833568201411751
2018,2018-19,Respiratory,1774607.0,1094428.0,874511.0,900051.0,45.0,892913.0,153125.0,39349.0,9041.0,271675.0,428602.0,403269.0,660990.0,143004.0,5139858.0,57.48831595290581,5.534145782872243
2018,2018-19,Digestive,2619886.0,2258974.0,1298216.0,1321495.0,175.0,563562.0,1425200.0,265204.0,5008.0,136483.0,1330355.0,656714.0,482230.0,1560856.0,3308221.0,53.87994043782044,4.340644767549984
2018,2018-19,Skin,452407.0,365794.0,232813.0,219565.0,29.0,195516.0,145502.0,22649.0,2127.0,29038.0,208792.0,97866.0,113519.0,155385.0,877983.0,54.682162377893896,4.1419877281534525
2018,2018-19,Musculoskeletal,1415658.0,1305064.0,575272.0,840161.0,225.0,292172.0,839880.0,167871.0,5141.0,42100.0,602554.0,436959.0,329402.0,708265.0,2183822.0,59.20415498530206,3.6361224991869956
2018,2018-19,Genitourinary,1191955.0,930993.0,516651.0,675256.0,48.0,417427.0,437428.0,70725.0,5413.0,52704.0,512028.0,257072.0,343127.0,366152.0,2316444.0,57.47129774192835,3.955526180809365
2018,2018-19,Pregnancy and childbirth,1255421.0,1210033.0,5.0,1255410.0,1.0,133363.0,66808.0,20012.0,989850.0,311.0,1220813.0,6.0,1.0,64719.0,1801748.0,29.638994627385593,1.5361175242387424
2018,2018-19,Perinatal,295980.0,250698.0,162523.0,133309.0,148.0,50818.0,2471.0,2859.0,194550.0,294362.0,62.0,0.0,3.0,3642.0,1225287.0,0.029146585479262865,4.866868459738775
2018,2018-19,Congenital,118777.0,104073.0,68909.0,49824.0,44.0,10287.0,61402.0,19217.0,13167.0,86910.0,25268.0,4146.0,1865.0,51037.0,251720.0,12.951717402787017,4.695607719515772
2018,2018-19,Symptoms and signs,2295725.0,1929188.0,1039422.0,1254418.0,1885.0,1299363.0,481401.0,102665.0,45759.0,185640.0,984434.0,485414.0,628207.0,514415.0,4671145.0,54.99660465710316,3.2466535159797965
2018,2018-19,Injury and poisoning,1344729.0,1066698.0,664403.0,680190.0,136.0,839407.0,169611.0,39332.0,18348.0,129319.0,566551.0,221319.0,421619.0,135044.0,4626074.0,54.24067917778002,5.063254884599499
2018,2018-19,Health services factors,1059123.0,1030033.0,473617.0,584800.0,706.0,43637.0,283555.0,171266.0,531575.0,475998.0,383674.0,114625.0,77590.0,404510.0,773096.0,28.233502839891557,1.5504896084195643
2018,2018-19,Special purpose codes,12.0,4.0,8.0,4.0,0.0,3.0,0.0,0.0,1.0,1.0,4.0,2.0,3.0,0.0,171.0,57.020833333333336,138.29166666666666
2019,2019-20,Infectious and parasitic,705497.0,454701.0,358356.0,346996.0,145.0,393701.0,46412.0,11428.0,3160.0,151770.0,182619.0,139539.0,219671.0,50238.0,2286262.0,51.536210275087136,6.279685085718839
2019,2019-20,Neoplasms,2344655.0,2158849.0,1163877.0,1180310.0,468.0,143174.0,993049.0,1016069.0,6557.0,58583.0,700522.0,937499.0,637093.0,1684410.0,2990150.0,63.68663717396614,5.828080308449858
2019,2019-20,Blood and immune,460438.0,413191.0,214145.0,246267.0,26.0,85140.0,165288.0,161926.0,837.0,29398.0,170810.0,119148.0,137487.0,307001.0,331648.0,58.390658584286086,3.193527785183208
2019,2019-20,Endocrine and metabolic,441960.0,328467.0,219397.0,222425.0,138.0,151740.0,75392.0,99291.0,2044.0,26487.0,188158.0,113369.0,111217.0,142371.0,987805.0,56.71047371203366,5.229544056191177
2019,2019-20,Mental health,273127.0,171757.0,141614.0,131120.0,393.0,146042.0,10200.0,10573.0,4942.0,6128.0,151224.0,37411.0,74685.0,7062.0,3997729.0,54.54856158822664,23.584751006195305
2019,2019-20,Nervous system,476644.0,385177.0,217565.0,258961.0,118.0,137294.0,154421.0,89242.0,4220.0,43097.0,245423.0,99184.0,86830.0,189976.0,1371956.0,51.029926537540966,7.398511664931045
2019,2019-20,Eye,776333.0,764681.0,345893.0,430379.0,61.0,34439.0,621626.0,108036.0,580.0,19702.0,115132.0,260035.0,378539.0,720486.0,76726.0,70.21447261654018,1.29681869931673
2019,2019-20,Ear,88554.0,81005.0,43066.0,45477.0,11.0,31617.0,46622.0,2524.0,242.0,29784.0,33317.0,13399.0,11873.0,40917.0,74304.0,37.84885572951577,1.6202206060499744
2019,2019-20,Circulatory,1534819.0,964163.0,881061.0,653153.0,605.0,595834.0,282154.0,48775.0,37400.0,11261.0,343275.0,486043.0,688036.0,234342.0,5530055.0,69.91086918014055,6.921851313747603
2019,2019-20,Respiratory,1849330.0,1125884.0,908824.0,940089.0,417.0,929878.0,147470.0,40065.0,8471.0,270310.0,436897.0,418809.0,713878.0,141836.0,5423781.0,58.336805777532206,5.657247510859342
2019,2019-20,Digestive,2670975.0,2301892.0,1320412.0,1350204.0,359.0,581043.0,1441884.0,273960.0,5005.0,129781.0,1353764.0,673020.0,498204.0,1589815.0,3373279.0,54.151647939818716,4.375373328744404
2019,2019-20,Skin,473364.0,382182.0,244635.0,228581.0,148.0,205483.0,149981.0,24658.0,2060.0,29450.0,215421.0,102763.0,122788.0,161902.0,910230.0,55.20726081754339,4.734282814608484
2019,2019-20,Musculoskeletal,1373148.0,1258674.0,557330.0,815300.0,518.0,303196.0,789985.0,160045.0,5448.0,39200.0,573977.0,420817.0,335056.0,666491.0,2189671.0,59.6399397500424,3.6925161721399067
2019,2019-20,Genitourinary,1181703.0,923091.0,519684.0,661723.0,296.0,420817.0,428729.0,68000.0,5545.0,52365.0,510791.0,255962.0,338680.0,363108.0,2298380.0,57.360731387274704,3.9468564181769956
2019,2019-20,Pregnancy and childbirth,1230664.0,1188131.0,21.0,1230629.0,14.0,132622.0,65713.0,19870.0,969926.0,340.0,1194179.0,7.0,11.0,60545.0,1795488.0,29.75956359998831,1.5568126075803115
2019,2019-20,Perinatal,285649.0,244878.0,156401.0,129151.0,97.0,51897.0,2384.0,2646.0,187951.0,284242.0,75.0,0.0,1.0,3377.0,1192793.0,0.03016809609627489,4.944189801212563
2019,2019-20,Congenital,109714.0,97332.0,63638.0,46049.0,27.0,10622.0,56491.0,18081.0,12138.0,78930.0,24318.0,3987.0,1900.0,46633.0,246624.0,13.506410975613132,4.640202288490927
2019,2019-20,Symptoms and signs,2207173.0,1857670.0,991190.0,1211769.0,4214.0,1253459.0,455594.0,91548.0,57069.0,178317.0,951168.0,460897.0,605037.0,480402.0,4104684.0,54.90837168154596,2.7337234789559237
2019,2019-20,Injury and poisoning,1353725.0,1066107.0,664514.0,687848.0,1363.0,840723.0,167899.0,39251.0,18234.0,125841.0,555728.0,224822.0,441846.0,136007.0,4809302.0,55.1028677210994,5.240782702229435
2019,2019-20,Health services factors,1050801.0,1021019.0,472483.0,577725.0,593.0,47431.0,284873.0,169854.0,518861.0,473956.0,373500.0,114763.0,80802.0,408226.0,765382.0,28.482683604041814,1.519036645703829
2019,2019-20,Special purpose codes,24023.0,13725.0,14398.0,9622.0,3.0,13438.0,44.0,58.0,185.0,298.0,6992.0,5893.0,10601.0,30.0,64916.0,67.6107222082071,5.248320268757
2020,2020-21,Infectious and parasitic,442869.0,264544.0,225261.0,217402.0,206.0,228302.0,27866.0,6251.0,2125.0,66162.0,111631.0,96749.0,159089.0,29347.0,1475369.0,57.04987334945093,6.725341998084301
2020,2020-21,Neoplasms,1912855.0,1755704.0,938019.0,973682.0,1154.0,135314.0,819760.0,795459.0,5171.0,56902.0,568525.0,763949.0,509141.0,1355567.0,2276590.0,63.22170828373665,5.316466429560015
2020,2020-21,Blood and immune,362541.0,318243.0,170438.0,191480.0,623.0,77684.0,122529.0,117145.0,885.0,24059.0,136218.0,89839.0,108340.0,224966.0,284861.0,57.96996011433382,3.0890229167607015
2020,2020-21,Endocrine and metabolic,381503.0,272356.0,191273.0,189179.0,1051.0,141763.0,55743.0,73055.0,1795.0,21922.0,153025.0,100871.0,102506.0,110619.0,795624.0,57.99756651002974,4.7807606267762806
2020,2020-21,Mental health,259678.0,154608.0,133660.0,125743.0,275.0,135533.0,7377.0,8081.0,3617.0,5979.0,138990.0,37162.0,74046.0,5014.0,3180604.0,55.420592066796225,20.82022013234898
2020,2020-21,Nervous system,369134.0,286586.0,166456.0,202195.0,483.0,125761.0,82776.0,74720.0,3329.0,30084.0,190370.0,76370.0,69900.0,129810.0,954003.0,51.419035301368694,6.783607086083016
2020,2020-21,Eye,458111.0,452343.0,207460.0,250610.0,41.0,25001.0,333078.0,93923.0,341.0,9756.0,72958.0,155014.0,219442.0,420186.0,45603.0,70.09421467203524,1.2407246423324019
2020,2020-21,Ear,45634.0,39148.0,21180.0,24447.0,7.0,22760.0,15013.0,1233.0,142.0,9469.0,18647.0,8554.0,8763.0,13090.0,45404.0,46.152570715710475,1.618007058360314
2020,2020-21,Circulatory,1315837.0,799971.0,745858.0,561269.0,8710.0,556810.0,178985.0,32337.0,31839.0,7850.0,295306.0,411933.0,592672.0,151605.0,4277031.0,70.07976132204847,6.118449956204858
2020,2020-21,Respiratory,884479.0,500108.0,450877.0,429918.0,3684.0,413473.0,61635.0,20794.0,4206.0,73785.0,200118.0,223045.0,380133.0,62657.0,2606931.0,63.780503044835164,5.947855189761227
2020,2020-21,Digestive,1934974.0,1592732.0,957220.0,977474.0,280.0,538048.0,856065.0,194302.0,4317.0,84875.0,954814.0,493674.0,381703.0,975171.0,2785768.0,54.60392794861083,4.297418013358465
2020,2020-21,Skin,326096.0,254892.0,167575.0,158468.0,53.0,151583.0,83889.0,18003.0,1417.0,18094.0,143823.0,70520.0,91127.0,94073.0,601413.0,56.32973939476723,4.24493460416549
2020,2020-21,Musculoskeletal,790065.0,691740.0,318764.0,471115.0,186.0,260253.0,326140.0,101233.0,4114.0,25578.0,326624.0,222059.0,212006.0,312549.0,1281125.0,59.732676004565796,3.467045699676434
2020,2020-21,Genitourinary,862235.0,644199.0,394622.0,467520.0,93.0,351007.0,242409.0,45858.0,4925.0,41793.0,354837.0,184198.0,264768.0,213699.0,1662579.0,58.00263776444277,3.830889419810692
2020,2020-21,Pregnancy and childbirth,1134906.0,1097339.0,44.0,1134817.0,45.0,124246.0,45195.0,16976.0,910922.0,198.0,1097518.0,4.0,4.0,34045.0,1553969.0,29.99715284336899,1.440305726615998
2020,2020-21,Perinatal,265523.0,228452.0,145653.0,119732.0,138.0,45511.0,2353.0,2402.0,178186.0,264372.0,51.0,0.0,0.0,3058.0,1084803.0,0.02493773040936824,4.813452307583376
2020,2020-21,Congenital,76482.0,65496.0,43296.0,31362.0,1824.0,10089.0,33685.0,10592.0,11130.0,57263.0,14686.0,2563.0,1231.0,26416.0,196212.0,12.128957662249471,4.929390163258485
2020,2020-21,Symptoms and signs,1851901.0,1517298.0,829643.0,1013769.0,8489.0,1094609.0,299133.0,61636.0,61920.0,135400.0,777539.0,387987.0,534860.0,312422.0,3566557.0,55.962271044998644,2.846065391979727
2020,2020-21,Injury and poisoning,1140117.0,872026.0,546971.0,592331.0,815.0,723264.0,103803.0,30625.0,14334.0,99893.0,454532.0,186183.0,392766.0,88129.0,3545868.0,56.159856292541484,4.622706875906298
2020,2020-21,Health services factors,775675.0,751639.0,342474.0,432620.0,581.0,44301.0,137074.0,87400.0,482864.0,435728.0,206147.0,73702.0,52633.0,198995.0,609323.0,21.858985890281495,1.3403900642760815
2020,2020-21,Special purpose codes,578074.0,253696.0,323728.0,253765.0,581.0,245525.0,1102.0,1179.0,5890.0,3984.0,167624.0,157522.0,242763.0,633.0,2932649.0,68.0818986663591,10.6133469717717
2021,2021-22,Infectious and parasitic,598457.0,383769.0,308294.0,290100.0,63.0,335182.0,37791.0,8254.0,2542.0,142145.0,141088.0,115653.0,188055.0,40255.0,1917527.0,50.70456041027754,6.335104809762358
2021,2021-22,Neoplasms,2310733.0,2137183.0,1129757.0,1180588.0,388.0,145637.0,1010753.0,975363.0,5430.0,62398.0,680924.0,920513.0,630796.0,1733860.0,2728230.0,63.52595499428741,6.425661535910908
2021,2021-22,Blood and immune,444784.0,393717.0,202656.0,242083.0,45.0,96859.0,166135.0,129758.0,965.0,28096.0,167395.0,110181.0,133601.0,283882.0,358873.0,58.15641819718086,3.375750664652386
2021,2021-22,Endocrine and metabolic,457532.0,334016.0,227588.0,229889.0,55.0,161308.0,82574.0,88154.0,1980.0,26666.0,185020.0,122182.0,119959.0,147617.0,1002671.0,57.73611692479665,5.251919292449018
2021,2021-22,Mental health,267169.0,154412.0,135531.0,131390.0,248.0,133654.0,8743.0,8130.0,3885.0,6845.0,138302.0,38799.0,78768.0,5425.0,3521399.0,55.71553247431562,22.598940451620887
2021,2021-22,Nervous system,453502.0,361465.0,201958.0,251485.0,59.0,137572.0,128377.0,91824.0,3692.0,36788.0,239136.0,92232.0,82200.0,183271.0,1161690.0,51.07573947056477,7.153872166534782
2021,2021-22,Eye,782952.0,772316.0,345511.0,437382.0,59.0,29976.0,604179.0,137726.0,435.0,16597.0,109191.0,264914.0,390661.0,735669.0,67570.0,70.79541323613144,1.6468390377233044
2021,2021-22,Ear,67028.0,59587.0,31860.0,35158.0,10.0,29653.0,28021.0,1732.0,181.0,16981.0,27761.0,11446.0,10635.0,24370.0,64086.0,42.286727556061365,1.6442965395902753
2021,2021-22,Circulatory,1533547.0,936556.0,878393.0,655027.0,127.0,619283.0,241364.0,40317.0,35592.0,10065.0,344146.0,483126.0,686315.0,206432.0,5389529.0,69.92088425955897,6.843268527808467
2021,2021-22,Respiratory,1325430.0,809087.0,660350.0,664978.0,102.0,670901.0,104511.0,27936.0,5739.0,217541.0,299072.0,302446.0,495679.0,102073.0,3888999.0,57.14614309754424,5.7207045073662295
2021,2021-22,Digestive,2518719.0,2138229.0,1240646.0,1277779.0,294.0,587214.0,1281687.0,264739.0,4589.0,112202.0,1236101.0,656415.0,486687.0,1440668.0,3339209.0,54.627959021996986,4.493769958610162
2021,2021-22,Skin,409519.0,326935.0,210078.0,199388.0,53.0,177999.0,126609.0,20777.0,1550.0,22217.0,180931.0,89962.0,113169.0,137128.0,768224.0,56.27049029069032,4.762742306855419
2021,2021-22,Musculoskeletal,1178139.0,1063285.0,478867.0,699149.0,123.0,306329.0,613703.0,138738.0,4515.0,31862.0,481940.0,354985.0,304098.0,523917.0,1914536.0,60.052081685679994,3.552720718791507
2021,2021-22,Genitourinary,1059487.0,823114.0,484693.0,574671.0,123.0,391019.0,362993.0,63813.0,5289.0,47305.0,447498.0,234241.0,308959.0,315244.0,2055738.0,57.722056708436035,3.9315453804927034
2021,2021-22,Pregnancy and childbirth,1226516.0,1184162.0,31.0,1226436.0,49.0,138093.0,58169.0,18373.0,969527.0,235.0,1179571.0,5.0,3.0,38770.0,1723829.0,30.131526817996455,1.48225167385841
2021,2021-22,Perinatal,275458.0,235864.0,150658.0,124662.0,138.0,50304.0,3222.0,2378.0,179960.0,274074.0,60.0,1.0,0.0,3864.0,1122141.0,0.02978996156880015,4.821639359536207
2021,2021-22,Congenital,99766.0,88199.0,58259.0,41462.0,45.0,10463.0,51955.0,14128.0,11653.0,71519.0,21794.0,3749.0,1950.0,41119.0,221330.0,13.750828734637274,4.4655595367506296
2021,2021-22,Symptoms and signs,2155173.0,1780388.0,961015.0,1187461.0,6697.0,1235743.0,399060.0,78080.0,67505.0,167802.0,922110.0,446904.0,601906.0,427311.0,4088713.0,55.21818509679748,2.7644496764833044
2021,2021-22,Injury and poisoning,1266113.0,970523.0,617097.0,648726.0,290.0,766333.0,149784.0,39142.0,15264.0,110713.0,502862.0,216288.0,428277.0,125395.0,4446120.0,56.07327237872638,5.307007805554408
2021,2021-22,Health services factors,900479.0,875033.0,398735.0,501649.0,95.0,50092.0,194146.0,119006.0,511789.0,464364.0,256735.0,100098.0,70246.0,280195.0,710724.0,24.74270798056418,1.4815876772158232
2021,2021-22,Special purpose codes,295841.0,151650.0,157657.0,138156.0,28.0,137027.0,5952.0,3037.0,5634.0,12338.0,118806.0,69826.0,91846.0,7905.0,1292587.0,59.83631582325007,8.592785734048071
2022,2022-23,Infectious and parasitic,610489.0,389149.0,310906.0,299503.0,80.0,335443.0,42259.0,8727.0,2720.0,132003.0,153183.0,119026.0,193540.0,44775.0,2120192.0,51.64271048295263,6.901867806216002
2022,2022-23,Neoplasms,2414100.0,2242397.0,1177035.0,1236644.0,421.0,140868.0,1081893.0,1013719.0,5917.0,62771.0,719435.0,943087.0,671252.0,1846646.0,2811399.0,63.534155007165396,6.764158295088438
2022,2022-23,Blood and immune,467864.0,420274.0,210101.0,257703.0,60.0,99069.0,186085.0,133967.0,1153.0,29495.0,179131.0,112825.0,140681.0,306544.0,377832.0,57.78424777589641,3.463260055112169
2022,2022-23,Endocrine and metabolic,463467.0,341720.0,230191.0,233200.0,76.0,161118.0,89445.0,88868.0,2289.0,26382.0,185068.0,124235.0,123393.0,153858.0,1091492.0,57.96634049686601,5.657010032528746
2022,2022-23,Mental health,245526.0,135563.0,125119.0,119470.0,937.0,114666.0,8659.0,7780.0,4458.0,6059.0,119552.0,36329.0,79102.0,5710.0,3381961.0,57.20650030406149,24.866384423930665
2022,2022-23,Nervous system,449516.0,361831.0,201484.0,247962.0,70.0,122300.0,138913.0,97061.0,3557.0,38182.0,233897.0,93288.0,80763.0,196941.0,1288742.0,50.92218199125727,8.465915862899207
2022,2022-23,Eye,941987.0,931461.0,411950.0,529933.0,104.0,31511.0,714734.0,184697.0,519.0,18954.0,119005.0,312548.0,489655.0,892630.0,71669.0,71.35430583206562,1.5002376832918076
2022,2022-23,Ear,73127.0,66361.0,35140.0,37984.0,3.0,31968.0,32456.0,1679.0,258.0,21734.0,29403.0,11482.0,10194.0,29082.0,70850.0,39.515821446456165,1.7311879378478536
2022,2022-23,Circulatory,1508036.0,922621.0,869084.0,638795.0,157.0,595461.0,252019.0,42220.0,32921.0,11257.0,335923.0,470112.0,680498.0,218203.0,5748804.0,69.83461619228585,7.687907297986254
2022,2022-23,Respiratory,1575825.0,960776.0,773871.0,801803.0,151.0,802756.0,121586.0,30055.0,6379.0,249362.0,363480.0,355725.0,594571.0,118736.0,4864869.0,57.37673878649913,6.064835763865911
2022,2022-23,Digestive,2577457.0,2214987.0,1273618.0,1303505.0,334.0,565132.0,1374585.0,270628.0,4642.0,117119.0,1272366.0,664121.0,494146.0,1537242.0,3444852.0,54.39166963075116,4.797436061145152
2022,2022-23,Skin,440721.0,356345.0,229670.0,211001.0,50.0,186931.0,145245.0,22613.0,1556.0,26929.0,195550.0,96077.0,118655.0,157992.0,854562.0,55.66991471269805,5.222491982399296
2022,2022-23,Musculoskeletal,1203846.0,1093323.0,490499.0,713227.0,120.0,281562.0,662673.0,144532.0,4556.0,34205.0,479964.0,371684.0,312264.0,560890.0,2057694.0,60.169240036538724,3.944290009046838
2022,2022-23,Genitourinary,1066367.0,838450.0,485761.0,580504.0,102.0,383477.0,387369.0,62279.0,5325.0,46680.0,458709.0,235969.0,304265.0,341192.0,2163732.0,57.42097508117469,4.255021593285426
2022,2022-23,Pregnancy and childbirth,1240579.0,1199569.0,40.0,1240478.0,61.0,137330.0,63202.0,19457.0,979580.0,342.0,1189172.0,18.0,6.0,40187.0,1732048.0,30.129208048525726,1.4699078612639742
2022,2022-23,Perinatal,270009.0,230500.0,146420.0,119995.0,3594.0,49914.0,3148.0,2447.0,174991.0,268701.0,58.0,1.0,1.0,3800.0,1120332.0,0.02146914429519016,4.934384481839494
2022,2022-23,Congenital,102001.0,90794.0,59050.0,42625.0,326.0,10171.0,56897.0,12892.0,10834.0,70624.0,23114.0,4636.0,2744.0,45909.0,233266.0,15.238743337182969,4.86462993367712
2022,2022-23,Symptoms and signs,2088529.0,1727716.0,946982.0,1138859.0,2688.0,1159635.0,437562.0,85099.0,45420.0,169648.0,879615.0,438638.0,584531.0,470056.0,4535995.0,55.16166132889321,3.3247587530165967
2022,2022-23,Injury and poisoning,1210117.0,918396.0,594881.0,614916.0,320.0,704933.0,159013.0,39989.0,14461.0,104121.0,461371.0,213863.0,422800.0,135292.0,5033527.0,56.95830184816592,6.475542548408954
2022,2022-23,Health services factors,878354.0,853218.0,386914.0,482351.0,9089.0,50513.0,204031.0,118586.0,480088.0,438346.0,255471.0,99378.0,74808.0,290144.0,711578.0,25.84017209279972,1.5640321864157274
2022,2022-23,Special purpose codes,200354.0,104145.0,100093.0,100246.0,15.0,89242.0,7905.0,3718.0,3280.0,11236.0,35323.0,45654.0,106311.0,10227.0,893021.0,68.7849511085878,8.790603106805953
2023,2023-24,Infectious and parasitic,649377.0,405751.0,327967.0,318543.0,2867.0,352559.0,41286.0,9301.0,,128187.0,169933.0,129164.0,209617.0,43861.0,2197868.0,52.49474741863455,6.828687347213365
2023,2023-24,Neoplasms,2553248.0,2370133.0,1247188.0,1289050.0,17010.0,143624.0,1213279.0,1007823.0,,63786.0,751503.0,980935.0,739390.0,1966971.0,2893017.0,63.78293508656233,6.82298009906251
2023,2023-24,Blood and immune,498450.0,446251.0,222062.0,272840.0,3548.0,104514.0,207045.0,133344.0,,31445.0,192690.0,117898.0,150870.0,329981.0,405850.0,57.664296446234935,3.6209754429599537
2023,2023-24,Endocrine and metabolic,504415.0,372961.0,250810.0,249778.0,3827.0,171766.0,105090.0,93827.0,,26284.0,203889.0,137307.0,132540.0,173072.0,1133414.0,58.062949555291226,5.555977575760228
2023,2023-24,Mental health,256179.0,140611.0,130503.0,123762.0,1914.0,120646.0,9352.0,7271.0,,6196.0,123576.0,38592.0,83088.0,6324.0,3235381.0,57.6669726199218,24.007934249681075
2023,2023-24,Nervous system,482794.0,387928.0,212713.0,265471.0,4610.0,134971.0,153137.0,96588.0,,40893.0,250891.0,100256.0,87452.0,212605.0,1293002.0,50.913207213125325,8.469205151413272
2023,2023-24,Eye,1045922.0,1038671.0,453456.0,587947.0,4519.0,33320.0,797080.0,207792.0,,18649.0,126811.0,346452.0,552115.0,993519.0,78467.0,71.65978929628788,1.3952606099346616
2023,2023-24,Ear,82489.0,73789.0,38531.0,43260.0,698.0,36364.0,35214.0,2003.0,,23506.0,33238.0,13435.0,12002.0,32093.0,78773.0,40.379730343425294,1.7044798228103974
2023,2023-24,Circulatory,1620446.0,993424.0,920848.0,685771.0,13827.0,639908.0,274790.0,45796.0,,11486.0,363333.0,502353.0,732475.0,239634.0,5958649.0,69.75976378223135,7.4239710873902744
2023,2023-24,Respiratory,1743429.0,1054030.0,848171.0,882524.0,12734.0,868212.0,145048.0,34044.0,,249879.0,425140.0,395859.0,659304.0,142901.0,5196499.0,58.02044798097899,5.925575974853389
2023,2023-24,Digestive,2742007.0,2345848.0,1339915.0,1378903.0,23189.0,619962.0,1437642.0,283876.0,,122245.0,1357019.0,697335.0,535055.0,1608848.0,3610102.0,54.376568846648,4.705712508483368
2023,2023-24,Skin,492872.0,399877.0,255522.0,234164.0,3186.0,206898.0,166100.0,25234.0,,28764.0,219714.0,108279.0,132268.0,180780.0,897015.0,55.75063503473959,5.040388835720362
2023,2023-24,Musculoskeletal,1305209.0,1185879.0,527371.0,771157.0,6681.0,314071.0,711895.0,155027.0,,34941.0,509966.0,406798.0,346822.0,602726.0,2123303.0,60.49425873056266,3.766494624868286
2023,2023-24,Genitourinary,1149214.0,908713.0,518035.0,623992.0,7187.0,417186.0,414051.0,72109.0,,50101.0,497560.0,255486.0,325371.0,373759.0,2217350.0,57.285305509118245,4.07802606712744
2023,2023-24,Pregnancy and childbirth,1318059.0,1273807.0,77.0,1316521.0,1461.0,151581.0,66154.0,24647.0,,323.0,1260805.0,5.0,6.0,41701.0,1800136.0,30.203708343393064,1.4427468258869443
2023,2023-24,Perinatal,277671.0,237697.0,149382.0,124715.0,3574.0,52590.0,3327.0,2470.0,,276006.0,59.0,2.0,3.0,3782.0,1146415.0,0.03126610397033986,4.888489191976455
2023,2023-24,Congenital,109246.0,97617.0,61048.0,45550.0,2648.0,10722.0,61771.0,13912.0,,72046.0,25497.0,6244.0,4553.0,51204.0,246226.0,17.466073109191594,4.8642618997522655
2023,2023-24,Symptoms and signs,2312508.0,1907326.0,1029004.0,1265118.0,18386.0,1307050.0,455036.0,85581.0,,177210.0,992089.0,483868.0,641697.0,486127.0,7532519.0,55.026663991803346,4.338462242643661
2023,2023-24,Injury and poisoning,1278212.0,968767.0,627959.0,642377.0,7876.0,739226.0,170449.0,43986.0,,105487.0,482971.0,229500.0,451848.0,149453.0,5065684.0,57.38999714459368,6.197442295025803
2023,2023-24,Health services factors,923370.0,900478.0,396132.0,513802.0,13436.0,57791.0,228467.0,121908.0,,437214.0,283962.0,107127.0,81829.0,318021.0,727025.0,26.95780451907288,1.5141114510202722
2023,2023-24,Special purpose codes,105758.0,50570.0,52819.0,52380.0,559.0,46890.0,1403.0,871.0,,7403.0,15014.0,21885.0,60730.0,1662.0,487367.0,69.39093777321912,8.926670344248812
